id,worker,answer,truth,acc_d
0,47,1,0,0.59
0,78,0,0,0.73
0,82,0,0,0.8
0,14,0,0,0.82
0,65,0,0,0.82
0,22,0,0,0.82
1,47,0,0,0.59
1,78,0,0,0.73
1,82,0,0,0.8
1,22,0,0,0.82
1,14,0,0,0.82
1,65,0,0,0.82
2,47,0,0,0.59
2,78,0,0,0.73
2,82,0,0,0.8
2,65,0,0,0.82
2,22,0,0,0.82
2,14,0,0,0.82
3,47,0,1,0.59
3,78,0,1,0.73
3,82,1,1,0.8
3,14,1,1,0.82
3,65,1,1,0.82
3,22,1,1,0.82
4,47,0,0,0.59
4,78,0,0,0.73
4,82,0,0,0.8
4,65,0,0,0.82
4,14,0,0,0.82
4,22,0,0,0.82
5,47,0,1,0.59
5,78,1,1,0.73
5,82,1,1,0.8
5,65,1,1,0.82
5,22,1,1,0.82
5,14,1,1,0.82
6,47,0,0,0.59
6,78,0,0,0.73
6,82,0,0,0.8
6,65,0,0,0.82
6,14,0,0,0.82
6,22,0,0,0.82
7,47,0,1,0.59
7,78,0,1,0.73
7,82,0,1,0.8
7,22,1,1,0.82
7,14,0,1,0.82
7,65,0,1,0.82
8,47,0,0,0.59
8,78,0,0,0.73
8,82,0,0,0.8
8,65,0,0,0.82
8,14,0,0,0.82
8,22,0,0,0.82
9,47,0,0,0.59
9,78,1,0,0.73
9,82,0,0,0.8
9,65,0,0,0.82
9,14,0,0,0.82
9,22,0,0,0.82
10,47,1,1,0.59
10,78,1,1,0.73
10,82,0,1,0.8
10,65,0,1,0.82
10,14,0,1,0.82
10,22,0,1,0.82
11,47,0,0,0.59
11,78,1,0,0.73
11,82,0,0,0.8
11,65,0,0,0.82
11,14,0,0,0.82
11,22,0,0,0.82
12,47,0,0,0.59
12,78,0,0,0.73
12,82,0,0,0.8
12,14,0,0,0.82
12,65,0,0,0.82
12,22,0,0,0.82
13,47,0,0,0.59
13,78,0,0,0.73
13,82,0,0,0.8
13,22,0,0,0.82
13,14,0,0,0.82
13,65,0,0,0.82
14,47,1,1,0.59
14,78,1,1,0.73
14,82,1,1,0.8
14,22,1,1,0.82
14,14,0,1,0.82
14,65,1,1,0.82
15,47,0,0,0.59
15,78,1,0,0.73
15,82,0,0,0.8
15,65,0,0,0.82
15,22,0,0,0.82
15,14,0,0,0.82
16,47,0,0,0.59
16,78,0,0,0.73
16,82,0,0,0.8
16,65,0,0,0.82
16,22,0,0,0.82
16,14,0,0,0.82
17,47,1,1,0.59
17,78,1,1,0.73
17,82,0,1,0.8
17,22,1,1,0.82
17,65,1,1,0.82
17,14,0,1,0.82
18,47,1,1,0.59
18,78,1,1,0.73
18,82,0,1,0.8
18,14,0,1,0.82
18,65,1,1,0.82
18,22,0,1,0.82
19,47,1,0,0.59
19,78,1,0,0.73
19,82,0,0,0.8
19,22,0,0,0.82
19,14,0,0,0.82
19,65,0,0,0.82
20,40,0,0,0.54
20,47,0,0,0.59
20,44,0,0,0.75
20,51,0,0,0.8
20,65,0,0,0.82
20,22,0,0,0.82
21,40,1,0,0.54
21,47,0,0,0.59
21,44,0,0,0.75
21,51,0,0,0.8
21,65,1,0,0.82
21,22,0,0,0.82
22,40,0,0,0.54
22,47,1,0,0.59
22,44,0,0,0.75
22,51,0,0,0.8
22,22,0,0,0.82
22,65,1,0,0.82
23,40,1,1,0.54
23,47,1,1,0.59
23,44,1,1,0.75
23,51,1,1,0.8
23,22,1,1,0.82
23,65,0,1,0.82
24,40,0,0,0.54
24,47,0,0,0.59
24,44,0,0,0.75
24,51,0,0,0.8
24,65,0,0,0.82
24,22,0,0,0.82
25,40,1,0,0.54
25,47,1,0,0.59
25,44,0,0,0.75
25,51,0,0,0.8
25,22,0,0,0.82
25,65,0,0,0.82
26,40,0,0,0.54
26,47,0,0,0.59
26,44,0,0,0.75
26,51,0,0,0.8
26,22,0,0,0.82
26,65,0,0,0.82
27,40,0,0,0.54
27,47,1,0,0.59
27,44,0,0,0.75
27,51,0,0,0.8
27,22,0,0,0.82
27,65,0,0,0.82
28,40,1,1,0.54
28,47,1,1,0.59
28,44,1,1,0.75
28,51,1,1,0.8
28,22,1,1,0.82
28,65,1,1,0.82
29,40,1,1,0.54
29,47,1,1,0.59
29,44,0,1,0.75
29,51,0,1,0.8
29,65,1,1,0.82
29,22,1,1,0.82
30,40,0,0,0.54
30,47,0,0,0.59
30,44,0,0,0.75
30,51,0,0,0.8
30,22,0,0,0.82
30,65,0,0,0.82
31,40,0,1,0.54
31,47,0,1,0.59
31,44,1,1,0.75
31,51,0,1,0.8
31,65,1,1,0.82
31,22,1,1,0.82
32,40,1,0,0.54
32,47,1,0,0.59
32,44,0,0,0.75
32,51,0,0,0.8
32,65,0,0,0.82
32,22,0,0,0.82
33,40,1,1,0.54
33,47,1,1,0.59
33,44,1,1,0.75
33,51,1,1,0.8
33,22,1,1,0.82
33,65,1,1,0.82
34,40,0,1,0.54
34,47,1,1,0.59
34,44,1,1,0.75
34,51,0,1,0.8
34,22,1,1,0.82
34,65,1,1,0.82
35,40,0,0,0.54
35,47,1,0,0.59
35,44,0,0,0.75
35,51,0,0,0.8
35,65,0,0,0.82
35,22,0,0,0.82
36,40,1,0,0.54
36,47,0,0,0.59
36,44,0,0,0.75
36,51,0,0,0.8
36,65,0,0,0.82
36,22,0,0,0.82
37,40,0,1,0.54
37,47,1,1,0.59
37,44,1,1,0.75
37,51,1,1,0.8
37,22,1,1,0.82
37,65,1,1,0.82
38,40,1,1,0.54
38,47,1,1,0.59
38,44,1,1,0.75
38,51,0,1,0.8
38,65,0,1,0.82
38,22,0,1,0.82
39,40,1,1,0.54
39,47,1,1,0.59
39,44,0,1,0.75
39,51,1,1,0.8
39,65,0,1,0.82
39,22,0,1,0.82
40,25,0,1,0.49
40,72,1,1,0.51
40,74,1,1,0.53
40,47,1,1,0.59
40,65,1,1,0.82
40,22,1,1,0.82
41,25,0,0,0.49
41,72,1,0,0.51
41,74,0,0,0.53
41,47,0,0,0.59
41,65,0,0,0.82
41,22,0,0,0.82
42,25,1,1,0.49
42,72,1,1,0.51
42,74,0,1,0.53
42,47,1,1,0.59
42,22,0,1,0.82
42,65,1,1,0.82
43,41,0,1,0.49
43,72,0,1,0.51
43,74,1,1,0.53
43,47,1,1,0.59
43,65,1,1,0.82
43,22,1,1,0.82
44,41,1,0,0.49
44,72,0,0,0.51
44,74,0,0,0.53
44,47,0,0,0.59
44,22,0,0,0.82
44,65,0,0,0.82
45,41,1,0,0.49
45,72,1,0,0.51
45,74,1,0,0.53
45,47,1,0,0.59
45,65,0,0,0.82
45,22,0,0,0.82
46,25,0,1,0.49
46,72,0,1,0.51
46,74,0,1,0.53
46,47,1,1,0.59
46,22,1,1,0.82
46,65,0,1,0.82
47,41,1,0,0.49
47,72,1,0,0.51
47,74,0,0,0.53
47,47,0,0,0.59
47,22,0,0,0.82
47,65,0,0,0.82
48,25,0,1,0.49
48,72,0,1,0.51
48,74,1,1,0.53
48,47,1,1,0.59
48,22,1,1,0.82
48,65,1,1,0.82
49,25,1,1,0.49
49,72,1,1,0.51
49,74,0,1,0.53
49,47,1,1,0.59
49,22,1,1,0.82
49,65,1,1,0.82
50,25,1,0,0.49
50,72,0,0,0.51
50,74,1,0,0.53
50,47,1,0,0.59
50,22,0,0,0.82
50,65,0,0,0.82
51,41,1,0,0.49
51,72,1,0,0.51
51,74,0,0,0.53
51,47,1,0,0.59
51,65,0,0,0.82
51,22,0,0,0.82
52,25,1,0,0.49
52,72,0,0,0.51
52,74,1,0,0.53
52,47,0,0,0.59
52,22,0,0,0.82
52,65,0,0,0.82
53,25,0,1,0.49
53,72,1,1,0.51
53,74,1,1,0.53
53,47,1,1,0.59
53,22,1,1,0.82
53,65,1,1,0.82
54,41,1,0,0.49
54,72,0,0,0.51
54,74,1,0,0.53
54,47,0,0,0.59
54,65,0,0,0.82
54,22,0,0,0.82
55,41,1,0,0.49
55,72,1,0,0.51
55,74,0,0,0.53
55,47,0,0,0.59
55,65,0,0,0.82
55,22,0,0,0.82
56,41,0,0,0.49
56,72,0,0,0.51
56,74,1,0,0.53
56,47,1,0,0.59
56,65,0,0,0.82
56,22,0,0,0.82
57,25,0,0,0.49
57,72,1,0,0.51
57,74,1,0,0.53
57,47,1,0,0.59
57,22,0,0,0.82
57,65,0,0,0.82
58,25,1,0,0.49
58,72,0,0,0.51
58,74,1,0,0.53
58,47,1,0,0.59
58,65,0,0,0.82
58,22,0,0,0.82
59,25,1,1,0.49
59,72,1,1,0.51
59,74,1,1,0.53
59,47,1,1,0.59
59,65,1,1,0.82
59,22,1,1,0.82
60,74,0,0,0.53
60,47,1,0,0.59
60,44,0,0,0.75
60,80,0,0,0.8
60,65,0,0,0.82
60,22,0,0,0.82
61,74,0,1,0.53
61,47,1,1,0.59
61,44,1,1,0.75
61,80,1,1,0.8
61,22,1,1,0.82
61,65,1,1,0.82
62,74,0,1,0.53
62,47,1,1,0.59
62,44,1,1,0.75
62,80,1,1,0.8
62,65,1,1,0.82
62,22,1,1,0.82
63,74,1,0,0.53
63,47,0,0,0.59
63,44,0,0,0.75
63,80,0,0,0.8
63,22,0,0,0.82
63,65,0,0,0.82
64,74,1,1,0.53
64,47,1,1,0.59
64,44,0,1,0.75
64,80,1,1,0.8
64,65,0,1,0.82
64,22,0,1,0.82
65,74,0,0,0.53
65,47,0,0,0.59
65,44,0,0,0.75
65,80,0,0,0.8
65,65,0,0,0.82
65,22,0,0,0.82
66,74,0,0,0.53
66,47,0,0,0.59
66,44,0,0,0.75
66,80,1,0,0.8
66,65,0,0,0.82
66,22,0,0,0.82
67,74,0,1,0.53
67,47,1,1,0.59
67,44,1,1,0.75
67,80,1,1,0.8
67,22,1,1,0.82
67,65,1,1,0.82
68,74,0,1,0.53
68,47,1,1,0.59
68,44,0,1,0.75
68,80,1,1,0.8
68,65,1,1,0.82
68,22,0,1,0.82
69,74,0,0,0.53
69,47,1,0,0.59
69,44,0,0,0.75
69,80,1,0,0.8
69,65,0,0,0.82
69,22,0,0,0.82
70,74,0,1,0.53
70,47,1,1,0.59
70,44,1,1,0.75
70,80,1,1,0.8
70,65,1,1,0.82
70,22,1,1,0.82
71,74,0,1,0.53
71,47,1,1,0.59
71,44,1,1,0.75
71,80,1,1,0.8
71,65,1,1,0.82
71,22,1,1,0.82
72,74,0,1,0.53
72,47,1,1,0.59
72,44,0,1,0.75
72,80,0,1,0.8
72,22,0,1,0.82
72,65,0,1,0.82
73,74,0,0,0.53
73,47,1,0,0.59
73,44,0,0,0.75
73,80,0,0,0.8
73,22,0,0,0.82
73,65,0,0,0.82
74,74,0,1,0.53
74,47,1,1,0.59
74,44,0,1,0.75
74,80,1,1,0.8
74,22,0,1,0.82
74,65,0,1,0.82
75,74,0,0,0.53
75,47,1,0,0.59
75,44,0,0,0.75
75,80,1,0,0.8
75,65,0,0,0.82
75,22,0,0,0.82
76,74,0,0,0.53
76,47,0,0,0.59
76,44,0,0,0.75
76,80,0,0,0.8
76,22,0,0,0.82
76,65,0,0,0.82
77,74,0,0,0.53
77,47,0,0,0.59
77,44,0,0,0.75
77,80,0,0,0.8
77,22,0,0,0.82
77,65,0,0,0.82
78,74,1,0,0.53
78,47,0,0,0.59
78,44,0,0,0.75
78,80,0,0,0.8
78,22,0,0,0.82
78,65,0,0,0.82
79,74,0,0,0.53
79,47,1,0,0.59
79,44,0,0,0.75
79,80,0,0,0.8
79,22,0,0,0.82
79,65,0,0,0.82
80,25,1,1,0.49
80,72,1,1,0.51
80,74,0,1,0.53
80,47,1,1,0.59
80,28,1,1,0.64
80,22,1,1,0.82
81,41,1,0,0.49
81,72,0,0,0.51
81,74,1,0,0.53
81,47,0,0,0.59
81,28,1,0,0.64
81,22,0,0,0.82
82,25,1,1,0.49
82,72,1,1,0.51
82,74,0,1,0.53
82,47,1,1,0.59
82,28,1,1,0.64
82,22,1,1,0.82
83,25,1,0,0.49
83,72,0,0,0.51
83,74,1,0,0.53
83,47,0,0,0.59
83,28,1,0,0.64
83,22,0,0,0.82
84,25,0,0,0.49
84,72,0,0,0.51
84,74,0,0,0.53
84,47,1,0,0.59
84,28,1,0,0.64
84,22,0,0,0.82
85,25,0,0,0.49
85,72,1,0,0.51
85,74,0,0,0.53
85,47,1,0,0.59
85,28,1,0,0.64
85,22,0,0,0.82
86,41,1,0,0.49
86,72,1,0,0.51
86,74,0,0,0.53
86,47,0,0,0.59
86,28,0,0,0.64
86,22,0,0,0.82
87,25,0,0,0.49
87,72,0,0,0.51
87,74,0,0,0.53
87,47,0,0,0.59
87,28,0,0,0.64
87,22,0,0,0.82
88,41,1,1,0.49
88,72,1,1,0.51
88,74,1,1,0.53
88,47,1,1,0.59
88,28,1,1,0.64
88,22,1,1,0.82
89,25,0,0,0.49
89,72,0,0,0.51
89,74,0,0,0.53
89,47,0,0,0.59
89,28,1,0,0.64
89,22,0,0,0.82
90,25,1,1,0.49
90,72,1,1,0.51
90,74,0,1,0.53
90,47,1,1,0.59
90,28,1,1,0.64
90,22,1,1,0.82
91,41,1,0,0.49
91,72,0,0,0.51
91,74,0,0,0.53
91,47,0,0,0.59
91,28,1,0,0.64
91,22,0,0,0.82
92,41,0,1,0.49
92,72,1,1,0.51
92,74,0,1,0.53
92,47,1,1,0.59
92,28,0,1,0.64
92,22,1,1,0.82
93,41,1,0,0.49
93,72,0,0,0.51
93,74,0,0,0.53
93,47,0,0,0.59
93,28,1,0,0.64
93,22,0,0,0.82
94,25,0,1,0.49
94,72,1,1,0.51
94,74,0,1,0.53
94,47,1,1,0.59
94,28,1,1,0.64
94,22,1,1,0.82
95,41,1,1,0.49
95,72,0,1,0.51
95,74,0,1,0.53
95,47,0,1,0.59
95,28,1,1,0.64
95,22,1,1,0.82
96,25,0,0,0.49
96,72,1,0,0.51
96,74,0,0,0.53
96,47,1,0,0.59
96,28,1,0,0.64
96,22,0,0,0.82
97,41,1,0,0.49
97,72,0,0,0.51
97,74,0,0,0.53
97,47,1,0,0.59
97,28,1,0,0.64
97,22,0,0,0.82
98,25,0,1,0.49
98,72,1,1,0.51
98,74,1,1,0.53
98,47,1,1,0.59
98,28,1,1,0.64
98,22,1,1,0.82
99,41,0,1,0.49
99,72,0,1,0.51
99,74,1,1,0.53
99,47,1,1,0.59
99,28,1,1,0.64
99,22,0,1,0.82
100,47,0,0,0.59
100,28,0,0,0.64
100,78,0,0,0.73
100,6,0,0,0.8
100,65,0,0,0.82
100,22,0,0,0.82
101,47,0,1,0.59
101,28,1,1,0.64
101,78,0,1,0.73
101,6,0,1,0.8
101,22,0,1,0.82
101,65,1,1,0.82
102,47,0,0,0.59
102,28,1,0,0.64
102,78,0,0,0.73
102,6,0,0,0.8
102,22,0,0,0.82
102,65,0,0,0.82
103,47,0,0,0.59
103,28,1,0,0.64
103,78,0,0,0.73
103,6,0,0,0.8
103,22,0,0,0.82
103,65,0,0,0.82
104,47,0,0,0.59
104,28,0,0,0.64
104,78,0,0,0.73
104,6,0,0,0.8
104,22,0,0,0.82
104,65,0,0,0.82
105,47,0,0,0.59
105,28,1,0,0.64
105,78,0,0,0.73
105,6,0,0,0.8
105,22,0,0,0.82
105,65,0,0,0.82
106,47,1,0,0.59
106,28,0,0,0.64
106,78,0,0,0.73
106,6,0,0,0.8
106,65,0,0,0.82
106,22,0,0,0.82
107,47,0,0,0.59
107,28,0,0,0.64
107,78,0,0,0.73
107,6,0,0,0.8
107,65,0,0,0.82
107,22,0,0,0.82
108,47,0,0,0.59
108,28,0,0,0.64
108,78,0,0,0.73
108,6,1,0,0.8
108,22,0,0,0.82
108,65,1,0,0.82
109,47,0,0,0.59
109,28,1,0,0.64
109,78,0,0,0.73
109,6,0,0,0.8
109,65,0,0,0.82
109,22,0,0,0.82
110,47,1,1,0.59
110,28,1,1,0.64
110,78,1,1,0.73
110,6,1,1,0.8
110,22,1,1,0.82
110,65,0,1,0.82
111,47,0,0,0.59
111,28,0,0,0.64
111,78,0,0,0.73
111,6,0,0,0.8
111,65,0,0,0.82
111,22,0,0,0.82
112,47,0,0,0.59
112,28,1,0,0.64
112,78,0,0,0.73
112,6,0,0,0.8
112,65,0,0,0.82
112,22,0,0,0.82
113,47,1,1,0.59
113,28,1,1,0.64
113,78,1,1,0.73
113,6,1,1,0.8
113,65,1,1,0.82
113,22,0,1,0.82
114,47,0,1,0.59
114,28,1,1,0.64
114,78,1,1,0.73
114,6,1,1,0.8
114,22,1,1,0.82
114,65,1,1,0.82
115,47,1,0,0.59
115,28,1,0,0.64
115,78,0,0,0.73
115,6,0,0,0.8
115,22,0,0,0.82
115,65,0,0,0.82
116,47,0,0,0.59
116,28,1,0,0.64
116,78,0,0,0.73
116,6,0,0,0.8
116,65,0,0,0.82
116,22,0,0,0.82
117,47,0,0,0.59
117,28,0,0,0.64
117,78,0,0,0.73
117,6,0,0,0.8
117,65,0,0,0.82
117,22,0,0,0.82
118,47,0,0,0.59
118,28,1,0,0.64
118,78,0,0,0.73
118,6,0,0,0.8
118,22,0,0,0.82
118,65,0,0,0.82
119,47,1,1,0.59
119,28,1,1,0.64
119,78,1,1,0.73
119,6,1,1,0.8
119,65,1,1,0.82
119,22,1,1,0.82
120,47,1,0,0.59
120,28,1,0,0.64
120,78,0,0,0.73
120,6,0,0,0.8
120,22,0,0,0.82
120,65,0,0,0.82
121,47,1,1,0.59
121,28,1,1,0.64
121,78,0,1,0.73
121,6,1,1,0.8
121,65,1,1,0.82
121,22,1,1,0.82
122,47,1,0,0.59
122,28,1,0,0.64
122,78,0,0,0.73
122,6,0,0,0.8
122,65,0,0,0.82
122,22,0,0,0.82
123,47,0,0,0.59
123,28,1,0,0.64
123,78,0,0,0.73
123,6,0,0,0.8
123,22,0,0,0.82
123,65,0,0,0.82
124,47,0,0,0.59
124,28,1,0,0.64
124,78,0,0,0.73
124,6,0,0,0.8
124,22,0,0,0.82
124,65,0,0,0.82
125,47,1,0,0.59
125,28,1,0,0.64
125,78,0,0,0.73
125,6,0,0,0.8
125,65,0,0,0.82
125,22,0,0,0.82
126,47,1,1,0.59
126,28,1,1,0.64
126,78,1,1,0.73
126,6,0,1,0.8
126,22,0,1,0.82
126,65,0,1,0.82
127,47,1,1,0.59
127,28,1,1,0.64
127,78,1,1,0.73
127,6,1,1,0.8
127,22,1,1,0.82
127,65,1,1,0.82
128,47,0,0,0.59
128,28,1,0,0.64
128,78,1,0,0.73
128,6,0,0,0.8
128,22,0,0,0.82
128,65,0,0,0.82
129,47,1,1,0.59
129,28,1,1,0.64
129,78,0,1,0.73
129,6,1,1,0.8
129,22,1,1,0.82
129,65,1,1,0.82
130,47,0,1,0.59
130,28,0,1,0.64
130,78,0,1,0.73
130,6,0,1,0.8
130,65,0,1,0.82
130,22,1,1,0.82
131,47,1,1,0.59
131,28,1,1,0.64
131,78,0,1,0.73
131,6,1,1,0.8
131,65,0,1,0.82
131,22,1,1,0.82
132,47,1,1,0.59
132,28,1,1,0.64
132,78,1,1,0.73
132,6,1,1,0.8
132,65,1,1,0.82
132,22,1,1,0.82
133,47,1,0,0.59
133,28,1,0,0.64
133,78,1,0,0.73
133,6,0,0,0.8
133,22,0,0,0.82
133,65,0,0,0.82
134,47,1,0,0.59
134,28,1,0,0.64
134,78,0,0,0.73
134,6,0,0,0.8
134,22,0,0,0.82
134,65,0,0,0.82
135,47,1,1,0.59
135,28,1,1,0.64
135,78,1,1,0.73
135,6,1,1,0.8
135,65,1,1,0.82
135,22,1,1,0.82
136,47,0,1,0.59
136,28,1,1,0.64
136,78,1,1,0.73
136,6,1,1,0.8
136,22,0,1,0.82
136,65,0,1,0.82
137,47,1,0,0.59
137,28,0,0,0.64
137,78,0,0,0.73
137,6,0,0,0.8
137,65,0,0,0.82
137,22,0,0,0.82
138,47,0,0,0.59
138,28,1,0,0.64
138,78,0,0,0.73
138,6,0,0,0.8
138,65,0,0,0.82
138,22,0,0,0.82
139,47,0,1,0.59
139,28,0,1,0.64
139,78,0,1,0.73
139,6,1,1,0.8
139,65,0,1,0.82
139,22,1,1,0.82
140,28,1,0,0.64
140,78,1,0,0.73
140,6,1,0,0.8
140,65,1,0,0.82
140,22,1,0,0.82
140,15,1,0,0.83
141,28,1,1,0.64
141,78,1,1,0.73
141,6,1,1,0.8
141,65,1,1,0.82
141,22,1,1,0.82
141,15,1,1,0.83
142,28,0,0,0.64
142,78,1,0,0.73
142,6,0,0,0.8
142,65,0,0,0.82
142,22,0,0,0.82
142,15,0,0,0.83
143,28,1,0,0.64
143,78,0,0,0.73
143,6,0,0,0.8
143,65,0,0,0.82
143,22,0,0,0.82
143,15,0,0,0.83
144,28,1,1,0.64
144,78,1,1,0.73
144,6,0,1,0.8
144,22,0,1,0.82
144,65,0,1,0.82
144,15,0,1,0.83
145,28,1,0,0.64
145,78,0,0,0.73
145,6,1,0,0.8
145,65,0,0,0.82
145,22,0,0,0.82
145,15,0,0,0.83
146,28,0,0,0.64
146,78,0,0,0.73
146,6,1,0,0.8
146,22,0,0,0.82
146,65,0,0,0.82
146,15,1,0,0.83
147,28,1,1,0.64
147,78,1,1,0.73
147,6,1,1,0.8
147,22,0,1,0.82
147,65,1,1,0.82
147,15,0,1,0.83
148,28,1,1,0.64
148,78,1,1,0.73
148,6,1,1,0.8
148,22,1,1,0.82
148,65,1,1,0.82
148,15,0,1,0.83
149,28,1,1,0.64
149,78,1,1,0.73
149,6,0,1,0.8
149,22,0,1,0.82
149,65,1,1,0.82
149,15,0,1,0.83
150,28,1,0,0.64
150,78,1,0,0.73
150,6,0,0,0.8
150,65,0,0,0.82
150,22,0,0,0.82
150,15,0,0,0.83
151,28,0,0,0.64
151,78,0,0,0.73
151,6,0,0,0.8
151,22,0,0,0.82
151,65,0,0,0.82
151,15,0,0,0.83
152,28,1,1,0.64
152,78,1,1,0.73
152,6,1,1,0.8
152,22,1,1,0.82
152,65,1,1,0.82
152,15,0,1,0.83
153,28,1,0,0.64
153,78,0,0,0.73
153,6,0,0,0.8
153,65,0,0,0.82
153,22,0,0,0.82
153,15,0,0,0.83
154,28,1,0,0.64
154,78,0,0,0.73
154,6,0,0,0.8
154,65,0,0,0.82
154,22,0,0,0.82
154,15,0,0,0.83
155,28,1,1,0.64
155,78,1,1,0.73
155,6,0,1,0.8
155,22,0,1,0.82
155,65,0,1,0.82
155,15,0,1,0.83
156,28,1,1,0.64
156,78,1,1,0.73
156,6,0,1,0.8
156,22,1,1,0.82
156,65,0,1,0.82
156,15,0,1,0.83
157,28,1,0,0.64
157,78,1,0,0.73
157,6,0,0,0.8
157,65,0,0,0.82
157,22,0,0,0.82
157,15,0,0,0.83
158,28,1,0,0.64
158,78,0,0,0.73
158,6,0,0,0.8
158,65,0,0,0.82
158,22,0,0,0.82
158,15,0,0,0.83
159,28,1,0,0.64
159,78,0,0,0.73
159,6,0,0,0.8
159,65,0,0,0.82
159,22,0,0,0.82
159,15,0,0,0.83
160,78,1,1,0.73
160,6,1,1,0.8
160,63,0,1,0.8
160,65,1,1,0.82
160,22,1,1,0.82
160,15,1,1,0.83
161,78,1,1,0.73
161,6,0,1,0.8
161,63,1,1,0.8
161,65,1,1,0.82
161,22,1,1,0.82
161,15,1,1,0.83
162,78,1,0,0.73
162,63,0,0,0.8
162,6,0,0,0.8
162,65,0,0,0.82
162,22,0,0,0.82
162,15,1,0,0.83
163,78,1,1,0.73
163,63,0,1,0.8
163,6,0,1,0.8
163,22,0,1,0.82
163,65,1,1,0.82
163,15,0,1,0.83
164,78,1,0,0.73
164,6,0,0,0.8
164,63,0,0,0.8
164,65,1,0,0.82
164,22,0,0,0.82
164,15,1,0,0.83
165,78,1,1,0.73
165,63,1,1,0.8
165,6,0,1,0.8
165,22,0,1,0.82
165,65,1,1,0.82
165,15,1,1,0.83
166,78,1,0,0.73
166,63,0,0,0.8
166,6,0,0,0.8
166,65,0,0,0.82
166,22,0,0,0.82
166,15,0,0,0.83
167,78,1,1,0.73
167,63,0,1,0.8
167,6,0,1,0.8
167,22,0,1,0.82
167,65,0,1,0.82
167,15,0,1,0.83
168,78,1,0,0.73
168,63,0,0,0.8
168,6,0,0,0.8
168,22,0,0,0.82
168,65,0,0,0.82
168,15,0,0,0.83
169,78,1,1,0.73
169,6,0,1,0.8
169,63,1,1,0.8
169,65,0,1,0.82
169,22,0,1,0.82
169,15,1,1,0.83
170,78,1,0,0.73
170,63,0,0,0.8
170,6,0,0,0.8
170,22,0,0,0.82
170,65,0,0,0.82
170,15,0,0,0.83
171,78,1,0,0.73
171,6,0,0,0.8
171,63,0,0,0.8
171,22,0,0,0.82
171,65,0,0,0.82
171,15,0,0,0.83
172,78,1,0,0.73
172,6,0,0,0.8
172,63,0,0,0.8
172,65,0,0,0.82
172,22,0,0,0.82
172,15,0,0,0.83
173,78,1,1,0.73
173,63,1,1,0.8
173,6,1,1,0.8
173,65,1,1,0.82
173,22,1,1,0.82
173,15,1,1,0.83
174,78,0,0,0.73
174,6,0,0,0.8
174,63,0,0,0.8
174,65,0,0,0.82
174,22,0,0,0.82
174,15,0,0,0.83
175,78,0,0,0.73
175,63,0,0,0.8
175,6,0,0,0.8
175,22,0,0,0.82
175,65,0,0,0.82
175,15,0,0,0.83
176,78,0,0,0.73
176,63,0,0,0.8
176,6,0,0,0.8
176,22,0,0,0.82
176,65,0,0,0.82
176,15,0,0,0.83
177,78,0,0,0.73
177,63,0,0,0.8
177,6,0,0,0.8
177,22,0,0,0.82
177,65,0,0,0.82
177,15,0,0,0.83
178,78,0,0,0.73
178,6,0,0,0.8
178,63,0,0,0.8
178,65,0,0,0.82
178,22,0,0,0.82
178,15,0,0,0.83
179,78,0,1,0.73
179,63,0,1,0.8
179,6,0,1,0.8
179,22,0,1,0.82
179,65,0,1,0.82
179,15,0,1,0.83
180,28,1,1,0.64
180,79,0,1,0.67
180,78,1,1,0.73
180,22,1,1,0.82
180,65,1,1,0.82
180,15,1,1,0.83
181,28,0,0,0.64
181,79,1,0,0.67
181,78,1,0,0.73
181,22,0,0,0.82
181,65,0,0,0.82
181,15,0,0,0.83
182,28,1,0,0.64
182,79,0,0,0.67
182,78,1,0,0.73
182,22,0,0,0.82
182,65,1,0,0.82
182,15,1,0,0.83
183,28,1,1,0.64
183,79,1,1,0.67
183,78,1,1,0.73
183,65,1,1,0.82
183,22,1,1,0.82
183,15,1,1,0.83
184,28,1,1,0.64
184,79,0,1,0.67
184,78,1,1,0.73
184,22,1,1,0.82
184,65,1,1,0.82
184,15,1,1,0.83
185,28,1,1,0.64
185,79,1,1,0.67
185,78,1,1,0.73
185,22,0,1,0.82
185,65,0,1,0.82
185,15,1,1,0.83
186,28,0,0,0.64
186,79,0,0,0.67
186,78,1,0,0.73
186,65,0,0,0.82
186,22,0,0,0.82
186,15,0,0,0.83
187,28,1,1,0.64
187,79,1,1,0.67
187,78,1,1,0.73
187,65,0,1,0.82
187,22,0,1,0.82
187,15,0,1,0.83
188,28,1,0,0.64
188,79,0,0,0.67
188,78,1,0,0.73
188,22,0,0,0.82
188,65,0,0,0.82
188,15,0,0,0.83
189,28,0,0,0.64
189,79,1,0,0.67
189,78,0,0,0.73
189,22,0,0,0.82
189,65,0,0,0.82
189,15,0,0,0.83
190,28,1,1,0.64
190,79,0,1,0.67
190,78,1,1,0.73
190,65,0,1,0.82
190,22,0,1,0.82
190,15,0,1,0.83
191,28,0,1,0.64
191,79,1,1,0.67
191,78,0,1,0.73
191,65,1,1,0.82
191,22,0,1,0.82
191,15,0,1,0.83
192,28,1,1,0.64
192,79,0,1,0.67
192,78,1,1,0.73
192,65,1,1,0.82
192,22,1,1,0.82
192,15,1,1,0.83
193,28,1,0,0.64
193,79,1,0,0.67
193,78,0,0,0.73
193,65,0,0,0.82
193,22,0,0,0.82
193,15,0,0,0.83
194,28,1,0,0.64
194,79,0,0,0.67
194,78,0,0,0.73
194,65,0,0,0.82
194,22,0,0,0.82
194,15,0,0,0.83
195,28,1,0,0.64
195,79,1,0,0.67
195,78,0,0,0.73
195,22,0,0,0.82
195,65,0,0,0.82
195,15,0,0,0.83
196,28,1,0,0.64
196,79,0,0,0.67
196,78,0,0,0.73
196,65,0,0,0.82
196,22,0,0,0.82
196,15,0,0,0.83
197,28,1,1,0.64
197,79,1,1,0.67
197,78,1,1,0.73
197,65,1,1,0.82
197,22,0,1,0.82
197,15,1,1,0.83
198,28,0,0,0.64
198,79,0,0,0.67
198,78,0,0,0.73
198,65,0,0,0.82
198,22,0,0,0.82
198,15,0,0,0.83
199,28,1,1,0.64
199,79,1,1,0.67
199,78,1,1,0.73
199,65,1,1,0.82
199,22,1,1,0.82
199,15,1,1,0.83
200,28,1,0,0.64
200,79,0,0,0.67
200,78,0,0,0.73
200,22,0,0,0.82
200,65,0,0,0.82
200,15,0,0,0.83
201,28,1,0,0.64
201,79,0,0,0.67
201,78,1,0,0.73
201,22,0,0,0.82
201,65,0,0,0.82
201,15,0,0,0.83
202,28,1,0,0.64
202,79,0,0,0.67
202,78,1,0,0.73
202,65,0,0,0.82
202,22,0,0,0.82
202,15,1,0,0.83
203,28,1,0,0.64
203,79,0,0,0.67
203,78,1,0,0.73
203,22,0,0,0.82
203,65,0,0,0.82
203,15,0,0,0.83
204,28,1,1,0.64
204,79,1,1,0.67
204,78,1,1,0.73
204,22,0,1,0.82
204,65,1,1,0.82
204,15,1,1,0.83
205,28,0,1,0.64
205,79,0,1,0.67
205,78,0,1,0.73
205,22,1,1,0.82
205,65,0,1,0.82
205,15,0,1,0.83
206,28,1,1,0.64
206,79,1,1,0.67
206,78,1,1,0.73
206,65,1,1,0.82
206,22,1,1,0.82
206,15,1,1,0.83
207,28,1,0,0.64
207,79,0,0,0.67
207,78,1,0,0.73
207,22,0,0,0.82
207,65,0,0,0.82
207,15,1,0,0.83
208,28,1,0,0.64
208,79,0,0,0.67
208,78,0,0,0.73
208,65,0,0,0.82
208,22,0,0,0.82
208,15,0,0,0.83
209,28,1,1,0.64
209,79,1,1,0.67
209,78,1,1,0.73
209,65,1,1,0.82
209,22,1,1,0.82
209,15,1,1,0.83
210,28,1,1,0.64
210,79,1,1,0.67
210,78,1,1,0.73
210,65,1,1,0.82
210,22,1,1,0.82
210,15,1,1,0.83
211,28,1,0,0.64
211,79,0,0,0.67
211,78,1,0,0.73
211,65,0,0,0.82
211,22,0,0,0.82
211,15,1,0,0.83
212,28,1,1,0.64
212,79,1,1,0.67
212,78,1,1,0.73
212,65,1,1,0.82
212,22,1,1,0.82
212,15,1,1,0.83
213,28,1,0,0.64
213,79,0,0,0.67
213,78,1,0,0.73
213,22,0,0,0.82
213,65,0,0,0.82
213,15,1,0,0.83
214,28,1,1,0.64
214,79,1,1,0.67
214,78,1,1,0.73
214,22,1,1,0.82
214,65,1,1,0.82
214,15,1,1,0.83
215,28,1,1,0.64
215,79,1,1,0.67
215,78,1,1,0.73
215,65,1,1,0.82
215,22,1,1,0.82
215,15,1,1,0.83
216,28,0,0,0.64
216,79,0,0,0.67
216,78,1,0,0.73
216,65,0,0,0.82
216,22,0,0,0.82
216,15,0,0,0.83
217,28,0,0,0.64
217,79,0,0,0.67
217,78,0,0,0.73
217,65,0,0,0.82
217,22,0,0,0.82
217,15,0,0,0.83
218,28,1,1,0.64
218,79,1,1,0.67
218,78,1,1,0.73
218,65,1,1,0.82
218,22,1,1,0.82
218,15,0,1,0.83
219,28,1,1,0.64
219,79,1,1,0.67
219,78,1,1,0.73
219,22,0,1,0.82
219,65,1,1,0.82
219,15,1,1,0.83
220,47,0,0,0.59
220,28,1,0,0.64
220,78,0,0,0.73
220,65,0,0,0.82
220,22,0,0,0.82
220,15,0,0,0.83
221,47,1,1,0.59
221,28,1,1,0.64
221,78,1,1,0.73
221,65,1,1,0.82
221,22,1,1,0.82
221,15,0,1,0.83
222,47,1,1,0.59
222,28,1,1,0.64
222,78,1,1,0.73
222,65,0,1,0.82
222,22,0,1,0.82
222,15,0,1,0.83
223,47,0,0,0.59
223,28,1,0,0.64
223,78,0,0,0.73
223,22,0,0,0.82
223,65,0,0,0.82
223,15,0,0,0.83
224,47,0,0,0.59
224,28,0,0,0.64
224,78,0,0,0.73
224,65,0,0,0.82
224,22,0,0,0.82
224,15,0,0,0.83
225,47,1,1,0.59
225,28,1,1,0.64
225,78,1,1,0.73
225,65,0,1,0.82
225,22,0,1,0.82
225,15,1,1,0.83
226,47,1,1,0.59
226,28,1,1,0.64
226,78,1,1,0.73
226,65,1,1,0.82
226,22,1,1,0.82
226,15,1,1,0.83
227,47,1,0,0.59
227,28,1,0,0.64
227,78,1,0,0.73
227,65,0,0,0.82
227,22,0,0,0.82
227,15,0,0,0.83
228,47,1,1,0.59
228,28,1,1,0.64
228,78,1,1,0.73
228,65,0,1,0.82
228,22,0,1,0.82
228,15,0,1,0.83
229,47,0,0,0.59
229,28,0,0,0.64
229,78,0,0,0.73
229,65,0,0,0.82
229,22,0,0,0.82
229,15,0,0,0.83
230,47,0,1,0.59
230,28,1,1,0.64
230,78,0,1,0.73
230,22,0,1,0.82
230,65,0,1,0.82
230,15,1,1,0.83
231,47,0,0,0.59
231,28,1,0,0.64
231,78,0,0,0.73
231,65,0,0,0.82
231,22,0,0,0.82
231,15,0,0,0.83
232,47,1,1,0.59
232,28,1,1,0.64
232,78,1,1,0.73
232,22,1,1,0.82
232,65,1,1,0.82
232,15,0,1,0.83
233,47,0,0,0.59
233,28,0,0,0.64
233,78,0,0,0.73
233,22,0,0,0.82
233,65,0,0,0.82
233,15,0,0,0.83
234,47,1,0,0.59
234,28,1,0,0.64
234,78,1,0,0.73
234,22,0,0,0.82
234,65,0,0,0.82
234,15,0,0,0.83
235,47,0,1,0.59
235,28,1,1,0.64
235,78,1,1,0.73
235,22,1,1,0.82
235,65,1,1,0.82
235,15,1,1,0.83
236,47,0,0,0.59
236,28,0,0,0.64
236,78,0,0,0.73
236,65,0,0,0.82
236,22,0,0,0.82
236,15,0,0,0.83
237,47,0,0,0.59
237,28,1,0,0.64
237,78,0,0,0.73
237,22,0,0,0.82
237,65,0,0,0.82
237,15,0,0,0.83
238,47,1,0,0.59
238,28,0,0,0.64
238,78,0,0,0.73
238,65,0,0,0.82
238,22,0,0,0.82
238,15,0,0,0.83
239,47,1,1,0.59
239,28,1,1,0.64
239,78,1,1,0.73
239,65,1,1,0.82
239,22,1,1,0.82
239,15,1,1,0.83
240,28,1,0,0.64
240,77,0,0,0.67
240,78,1,0,0.73
240,65,0,0,0.82
240,22,0,0,0.82
240,15,0,0,0.83
241,28,1,1,0.64
241,77,1,1,0.67
241,78,0,1,0.73
241,22,1,1,0.82
241,65,1,1,0.82
241,15,0,1,0.83
242,28,1,1,0.64
242,77,0,1,0.67
242,78,1,1,0.73
242,22,1,1,0.82
242,65,0,1,0.82
242,15,1,1,0.83
243,28,1,1,0.64
243,77,1,1,0.67
243,78,1,1,0.73
243,65,1,1,0.82
243,22,1,1,0.82
243,15,1,1,0.83
244,28,1,1,0.64
244,77,0,1,0.67
244,78,1,1,0.73
244,65,0,1,0.82
244,22,0,1,0.82
244,15,1,1,0.83
245,28,1,0,0.64
245,77,0,0,0.67
245,78,0,0,0.73
245,65,0,0,0.82
245,22,0,0,0.82
245,15,1,0,0.83
246,28,0,0,0.64
246,77,0,0,0.67
246,78,0,0,0.73
246,22,0,0,0.82
246,65,0,0,0.82
246,15,0,0,0.83
247,28,1,1,0.64
247,77,1,1,0.67
247,78,1,1,0.73
247,65,1,1,0.82
247,22,1,1,0.82
247,15,1,1,0.83
248,28,1,1,0.64
248,77,0,1,0.67
248,78,1,1,0.73
248,22,1,1,0.82
248,65,0,1,0.82
248,15,0,1,0.83
249,28,1,1,0.64
249,77,1,1,0.67
249,78,1,1,0.73
249,22,0,1,0.82
249,65,1,1,0.82
249,15,1,1,0.83
250,28,1,0,0.64
250,77,0,0,0.67
250,78,0,0,0.73
250,22,0,0,0.82
250,65,0,0,0.82
250,15,0,0,0.83
251,28,1,1,0.64
251,77,0,1,0.67
251,78,1,1,0.73
251,22,0,1,0.82
251,65,0,1,0.82
251,15,0,1,0.83
252,28,1,1,0.64
252,77,1,1,0.67
252,78,1,1,0.73
252,65,1,1,0.82
252,22,1,1,0.82
252,15,1,1,0.83
253,28,1,1,0.64
253,77,0,1,0.67
253,78,0,1,0.73
253,65,0,1,0.82
253,22,1,1,0.82
253,15,0,1,0.83
254,28,1,0,0.64
254,77,0,0,0.67
254,78,0,0,0.73
254,22,0,0,0.82
254,65,0,0,0.82
254,15,0,0,0.83
255,28,1,0,0.64
255,77,0,0,0.67
255,78,0,0,0.73
255,65,0,0,0.82
255,22,0,0,0.82
255,15,0,0,0.83
256,28,0,0,0.64
256,77,0,0,0.67
256,78,0,0,0.73
256,22,0,0,0.82
256,65,0,0,0.82
256,15,0,0,0.83
257,28,1,0,0.64
257,77,0,0,0.67
257,78,0,0,0.73
257,22,0,0,0.82
257,65,0,0,0.82
257,15,0,0,0.83
258,28,0,0,0.64
258,77,0,0,0.67
258,78,0,0,0.73
258,22,0,0,0.82
258,65,0,0,0.82
258,15,0,0,0.83
259,28,0,0,0.64
259,77,0,0,0.67
259,78,0,0,0.73
259,22,0,0,0.82
259,65,0,0,0.82
259,15,0,0,0.83
260,28,1,0,0.64
260,79,0,0,0.67
260,78,0,0,0.73
260,22,0,0,0.82
260,65,0,0,0.82
260,15,0,0,0.83
261,28,0,0,0.64
261,79,0,0,0.67
261,78,1,0,0.73
261,65,0,0,0.82
261,22,0,0,0.82
261,15,0,0,0.83
262,28,0,0,0.64
262,79,0,0,0.67
262,78,0,0,0.73
262,22,0,0,0.82
262,65,0,0,0.82
262,15,0,0,0.83
263,28,1,1,0.64
263,79,1,1,0.67
263,78,1,1,0.73
263,22,0,1,0.82
263,65,1,1,0.82
263,15,1,1,0.83
264,28,1,1,0.64
264,79,1,1,0.67
264,78,1,1,0.73
264,22,1,1,0.82
264,65,1,1,0.82
264,15,1,1,0.83
265,28,1,0,0.64
265,79,0,0,0.67
265,78,1,0,0.73
265,65,0,0,0.82
265,22,0,0,0.82
265,15,0,0,0.83
266,28,0,0,0.64
266,79,0,0,0.67
266,78,0,0,0.73
266,65,0,0,0.82
266,22,0,0,0.82
266,15,0,0,0.83
267,28,0,0,0.64
267,79,0,0,0.67
267,78,1,0,0.73
267,22,0,0,0.82
267,65,0,0,0.82
267,15,0,0,0.83
268,28,0,0,0.64
268,79,0,0,0.67
268,78,0,0,0.73
268,65,0,0,0.82
268,22,0,0,0.82
268,15,0,0,0.83
269,28,1,1,0.64
269,79,1,1,0.67
269,78,1,1,0.73
269,22,1,1,0.82
269,65,1,1,0.82
269,15,1,1,0.83
270,28,0,1,0.64
270,79,1,1,0.67
270,78,0,1,0.73
270,22,1,1,0.82
270,65,1,1,0.82
270,15,0,1,0.83
271,28,1,1,0.64
271,79,1,1,0.67
271,78,1,1,0.73
271,22,1,1,0.82
271,65,1,1,0.82
271,15,1,1,0.83
272,28,1,0,0.64
272,79,0,0,0.67
272,78,1,0,0.73
272,22,0,0,0.82
272,65,0,0,0.82
272,15,0,0,0.83
273,28,1,0,0.64
273,79,0,0,0.67
273,78,1,0,0.73
273,22,0,0,0.82
273,65,0,0,0.82
273,15,0,0,0.83
274,28,1,0,0.64
274,79,0,0,0.67
274,78,0,0,0.73
274,22,0,0,0.82
274,65,0,0,0.82
274,15,0,0,0.83
275,28,0,0,0.64
275,79,0,0,0.67
275,78,0,0,0.73
275,22,0,0,0.82
275,65,0,0,0.82
275,15,0,0,0.83
276,28,0,0,0.64
276,79,0,0,0.67
276,78,0,0,0.73
276,22,0,0,0.82
276,65,0,0,0.82
276,15,0,0,0.83
277,28,1,0,0.64
277,79,0,0,0.67
277,78,0,0,0.73
277,65,0,0,0.82
277,22,0,0,0.82
277,15,0,0,0.83
278,28,1,0,0.64
278,79,0,0,0.67
278,78,0,0,0.73
278,65,0,0,0.82
278,22,0,0,0.82
278,15,0,0,0.83
279,28,1,1,0.64
279,79,1,1,0.67
279,78,1,1,0.73
279,65,1,1,0.82
279,22,0,1,0.82
279,15,1,1,0.83
280,78,1,0,0.73
280,6,0,0,0.8
280,22,0,0,0.82
280,14,0,0,0.82
280,65,0,0,0.82
280,15,0,0,0.83
281,78,1,1,0.73
281,6,0,1,0.8
281,65,0,1,0.82
281,14,1,1,0.82
281,22,0,1,0.82
281,15,1,1,0.83
282,78,1,1,0.73
282,6,1,1,0.8
282,65,1,1,0.82
282,22,1,1,0.82
282,14,1,1,0.82
282,15,0,1,0.83
283,78,0,0,0.73
283,6,0,0,0.8
283,65,0,0,0.82
283,14,0,0,0.82
283,22,0,0,0.82
283,15,0,0,0.83
284,78,0,0,0.73
284,6,0,0,0.8
284,22,0,0,0.82
284,14,0,0,0.82
284,65,0,0,0.82
284,15,0,0,0.83
285,78,0,0,0.73
285,6,0,0,0.8
285,65,0,0,0.82
285,22,0,0,0.82
285,14,0,0,0.82
285,15,0,0,0.83
286,78,0,0,0.73
286,6,0,0,0.8
286,22,0,0,0.82
286,14,0,0,0.82
286,65,0,0,0.82
286,15,0,0,0.83
287,78,0,0,0.73
287,6,0,0,0.8
287,65,0,0,0.82
287,14,0,0,0.82
287,22,0,0,0.82
287,15,0,0,0.83
288,78,0,0,0.73
288,6,0,0,0.8
288,65,0,0,0.82
288,14,0,0,0.82
288,22,0,0,0.82
288,15,0,0,0.83
289,78,0,0,0.73
289,6,0,0,0.8
289,65,0,0,0.82
289,22,0,0,0.82
289,14,0,0,0.82
289,15,0,0,0.83
290,78,1,1,0.73
290,6,0,1,0.8
290,65,1,1,0.82
290,14,1,1,0.82
290,22,0,1,0.82
290,15,1,1,0.83
291,78,1,0,0.73
291,6,0,0,0.8
291,22,0,0,0.82
291,14,0,0,0.82
291,65,0,0,0.82
291,15,0,0,0.83
292,78,1,1,0.73
292,6,0,1,0.8
292,14,0,1,0.82
292,65,1,1,0.82
292,22,0,1,0.82
292,15,1,1,0.83
293,78,0,0,0.73
293,6,0,0,0.8
293,14,0,0,0.82
293,65,0,0,0.82
293,22,0,0,0.82
293,15,0,0,0.83
294,78,0,0,0.73
294,6,0,0,0.8
294,14,0,0,0.82
294,22,0,0,0.82
294,65,0,0,0.82
294,15,0,0,0.83
295,78,0,0,0.73
295,6,0,0,0.8
295,65,0,0,0.82
295,14,0,0,0.82
295,22,0,0,0.82
295,15,0,0,0.83
296,78,0,1,0.73
296,6,1,1,0.8
296,65,1,1,0.82
296,14,1,1,0.82
296,22,1,1,0.82
296,15,1,1,0.83
297,78,0,0,0.73
297,6,0,0,0.8
297,65,0,0,0.82
297,22,0,0,0.82
297,14,0,0,0.82
297,15,0,0,0.83
298,78,0,1,0.73
298,6,1,1,0.8
298,22,1,1,0.82
298,14,0,1,0.82
298,65,0,1,0.82
298,15,0,1,0.83
299,78,0,0,0.73
299,6,0,0,0.8
299,65,0,0,0.82
299,22,0,0,0.82
299,14,0,0,0.82
299,15,0,0,0.83
300,28,1,1,0.64
300,78,1,1,0.73
300,6,1,1,0.8
300,22,0,1,0.82
300,65,0,1,0.82
300,15,0,1,0.83
301,28,1,0,0.64
301,78,1,0,0.73
301,6,0,0,0.8
301,22,0,0,0.82
301,65,0,0,0.82
301,15,0,0,0.83
302,28,1,0,0.64
302,78,1,0,0.73
302,6,0,0,0.8
302,22,0,0,0.82
302,65,0,0,0.82
302,15,0,0,0.83
303,28,1,0,0.64
303,78,1,0,0.73
303,6,0,0,0.8
303,65,0,0,0.82
303,22,0,0,0.82
303,15,0,0,0.83
304,28,1,1,0.64
304,78,1,1,0.73
304,6,1,1,0.8
304,22,0,1,0.82
304,65,1,1,0.82
304,15,0,1,0.83
305,28,1,1,0.64
305,78,1,1,0.73
305,6,1,1,0.8
305,65,1,1,0.82
305,22,1,1,0.82
305,15,1,1,0.83
306,28,0,0,0.64
306,78,1,0,0.73
306,6,0,0,0.8
306,22,0,0,0.82
306,65,0,0,0.82
306,15,0,0,0.83
307,28,1,0,0.64
307,78,1,0,0.73
307,6,0,0,0.8
307,65,0,0,0.82
307,22,0,0,0.82
307,15,0,0,0.83
308,28,1,1,0.64
308,78,1,1,0.73
308,6,1,1,0.8
308,65,1,1,0.82
308,22,1,1,0.82
308,15,1,1,0.83
309,28,1,0,0.64
309,78,1,0,0.73
309,6,0,0,0.8
309,22,0,0,0.82
309,65,1,0,0.82
309,15,1,0,0.83
310,28,1,1,0.64
310,78,1,1,0.73
310,6,0,1,0.8
310,65,1,1,0.82
310,22,1,1,0.82
310,15,0,1,0.83
311,28,1,0,0.64
311,78,1,0,0.73
311,6,0,0,0.8
311,65,0,0,0.82
311,22,0,0,0.82
311,15,0,0,0.83
312,28,1,0,0.64
312,78,1,0,0.73
312,6,0,0,0.8
312,65,0,0,0.82
312,22,0,0,0.82
312,15,0,0,0.83
313,28,1,1,0.64
313,78,1,1,0.73
313,6,1,1,0.8
313,22,1,1,0.82
313,65,1,1,0.82
313,15,1,1,0.83
314,28,1,0,0.64
314,78,1,0,0.73
314,6,0,0,0.8
314,22,0,0,0.82
314,65,0,0,0.82
314,15,0,0,0.83
315,28,1,1,0.64
315,78,1,1,0.73
315,6,1,1,0.8
315,22,0,1,0.82
315,65,0,1,0.82
315,15,1,1,0.83
316,28,1,0,0.64
316,78,1,0,0.73
316,6,0,0,0.8
316,65,0,0,0.82
316,22,0,0,0.82
316,15,0,0,0.83
317,28,1,1,0.64
317,78,1,1,0.73
317,6,1,1,0.8
317,65,1,1,0.82
317,22,0,1,0.82
317,15,1,1,0.83
318,28,1,1,0.64
318,78,1,1,0.73
318,6,1,1,0.8
318,65,1,1,0.82
318,22,1,1,0.82
318,15,1,1,0.83
319,28,1,1,0.64
319,78,1,1,0.73
319,6,1,1,0.8
319,65,0,1,0.82
319,22,0,1,0.82
319,15,0,1,0.83
320,74,0,1,0.53
320,28,1,1,0.64
320,6,1,1,0.8
320,65,1,1,0.82
320,22,0,1,0.82
320,15,1,1,0.83
321,74,0,1,0.53
321,28,1,1,0.64
321,6,1,1,0.8
321,22,1,1,0.82
321,65,1,1,0.82
321,15,0,1,0.83
322,74,1,0,0.53
322,28,1,0,0.64
322,6,0,0,0.8
322,22,0,0,0.82
322,65,0,0,0.82
322,15,0,0,0.83
323,74,0,1,0.53
323,28,1,1,0.64
323,6,0,1,0.8
323,22,0,1,0.82
323,65,1,1,0.82
323,15,1,1,0.83
324,74,1,0,0.53
324,28,1,0,0.64
324,6,0,0,0.8
324,65,0,0,0.82
324,22,0,0,0.82
324,15,0,0,0.83
325,74,0,0,0.53
325,28,1,0,0.64
325,6,0,0,0.8
325,65,0,0,0.82
325,22,0,0,0.82
325,15,0,0,0.83
326,74,0,0,0.53
326,28,1,0,0.64
326,6,0,0,0.8
326,22,0,0,0.82
326,65,0,0,0.82
326,15,0,0,0.83
327,74,1,1,0.53
327,28,1,1,0.64
327,6,0,1,0.8
327,65,0,1,0.82
327,22,0,1,0.82
327,15,1,1,0.83
328,74,0,0,0.53
328,28,1,0,0.64
328,6,0,0,0.8
328,65,0,0,0.82
328,22,0,0,0.82
328,15,1,0,0.83
329,74,0,0,0.53
329,28,1,0,0.64
329,6,0,0,0.8
329,22,0,0,0.82
329,65,0,0,0.82
329,15,0,0,0.83
330,74,1,1,0.53
330,28,1,1,0.64
330,6,1,1,0.8
330,65,0,1,0.82
330,22,1,1,0.82
330,15,0,1,0.83
331,74,0,1,0.53
331,28,1,1,0.64
331,6,0,1,0.8
331,22,0,1,0.82
331,65,0,1,0.82
331,15,1,1,0.83
332,74,1,1,0.53
332,28,0,1,0.64
332,6,1,1,0.8
332,65,1,1,0.82
332,22,1,1,0.82
332,15,0,1,0.83
333,74,0,1,0.53
333,28,1,1,0.64
333,6,1,1,0.8
333,65,1,1,0.82
333,22,0,1,0.82
333,15,0,1,0.83
334,74,1,0,0.53
334,28,1,0,0.64
334,6,0,0,0.8
334,65,0,0,0.82
334,22,0,0,0.82
334,15,0,0,0.83
335,74,0,0,0.53
335,28,1,0,0.64
335,6,0,0,0.8
335,65,0,0,0.82
335,22,0,0,0.82
335,15,0,0,0.83
336,74,0,0,0.53
336,28,0,0,0.64
336,6,0,0,0.8
336,22,0,0,0.82
336,65,0,0,0.82
336,15,0,0,0.83
337,74,0,0,0.53
337,28,1,0,0.64
337,6,0,0,0.8
337,65,0,0,0.82
337,22,0,0,0.82
337,15,1,0,0.83
338,74,0,1,0.53
338,28,1,1,0.64
338,6,1,1,0.8
338,22,0,1,0.82
338,65,0,1,0.82
338,15,0,1,0.83
339,74,1,0,0.53
339,28,1,0,0.64
339,6,0,0,0.8
339,22,0,0,0.82
339,65,0,0,0.82
339,15,0,0,0.83
340,28,1,1,0.64
340,43,0,1,0.67
340,79,0,1,0.67
340,22,0,1,0.82
340,65,0,1,0.82
340,15,1,1,0.83
341,28,1,1,0.64
341,79,1,1,0.67
341,43,1,1,0.67
341,65,1,1,0.82
341,22,1,1,0.82
341,15,1,1,0.83
342,28,1,0,0.64
342,79,0,0,0.67
342,43,0,0,0.67
342,22,0,0,0.82
342,65,0,0,0.82
342,15,0,0,0.83
343,28,1,1,0.64
343,43,1,1,0.67
343,79,1,1,0.67
343,22,1,1,0.82
343,65,0,1,0.82
343,15,1,1,0.83
344,28,1,1,0.64
344,43,0,1,0.67
344,79,0,1,0.67
344,22,0,1,0.82
344,65,1,1,0.82
344,15,1,1,0.83
345,28,0,0,0.64
345,43,0,0,0.67
345,79,1,0,0.67
345,22,0,0,0.82
345,65,0,0,0.82
345,15,0,0,0.83
346,28,1,0,0.64
346,79,0,0,0.67
346,43,0,0,0.67
346,65,0,0,0.82
346,22,0,0,0.82
346,15,0,0,0.83
347,28,1,0,0.64
347,79,1,0,0.67
347,43,0,0,0.67
347,65,0,0,0.82
347,22,0,0,0.82
347,15,0,0,0.83
348,28,1,0,0.64
348,43,0,0,0.67
348,79,0,0,0.67
348,22,0,0,0.82
348,65,0,0,0.82
348,15,0,0,0.83
349,28,1,1,0.64
349,43,0,1,0.67
349,79,1,1,0.67
349,22,0,1,0.82
349,65,0,1,0.82
349,15,1,1,0.83
350,28,0,0,0.64
350,79,0,0,0.67
350,43,0,0,0.67
350,22,0,0,0.82
350,65,0,0,0.82
350,15,0,0,0.83
351,28,0,0,0.64
351,79,1,0,0.67
351,43,0,0,0.67
351,65,0,0,0.82
351,22,0,0,0.82
351,15,0,0,0.83
352,28,1,1,0.64
352,79,0,1,0.67
352,43,0,1,0.67
352,22,0,1,0.82
352,65,0,1,0.82
352,15,1,1,0.83
353,28,0,0,0.64
353,43,0,0,0.67
353,79,1,0,0.67
353,65,0,0,0.82
353,22,0,0,0.82
353,15,0,0,0.83
354,28,1,1,0.64
354,43,1,1,0.67
354,79,0,1,0.67
354,65,1,1,0.82
354,22,1,1,0.82
354,15,1,1,0.83
355,28,1,1,0.64
355,43,1,1,0.67
355,79,1,1,0.67
355,22,1,1,0.82
355,65,1,1,0.82
355,15,1,1,0.83
356,28,1,1,0.64
356,79,0,1,0.67
356,43,1,1,0.67
356,65,0,1,0.82
356,22,0,1,0.82
356,15,1,1,0.83
357,28,1,1,0.64
357,79,1,1,0.67
357,43,0,1,0.67
357,65,0,1,0.82
357,22,0,1,0.82
357,15,1,1,0.83
358,28,1,0,0.64
358,79,0,0,0.67
358,43,0,0,0.67
358,22,0,0,0.82
358,65,0,0,0.82
358,15,0,0,0.83
359,28,1,0,0.64
359,43,0,0,0.67
359,79,1,0,0.67
359,22,0,0,0.82
359,65,0,0,0.82
359,15,0,0,0.83
360,48,0,0,0.62
360,28,1,0,0.64
360,43,0,0,0.67
360,65,0,0,0.82
360,22,0,0,0.82
360,15,1,0,0.83
361,48,0,0,0.62
361,28,1,0,0.64
361,43,0,0,0.67
361,65,0,0,0.82
361,22,0,0,0.82
361,15,0,0,0.83
362,48,0,0,0.62
362,28,0,0,0.64
362,43,0,0,0.67
362,22,0,0,0.82
362,65,0,0,0.82
362,15,0,0,0.83
363,48,0,0,0.62
363,28,1,0,0.64
363,43,0,0,0.67
363,65,0,0,0.82
363,22,0,0,0.82
363,15,0,0,0.83
364,48,0,0,0.62
364,28,1,0,0.64
364,43,1,0,0.67
364,65,0,0,0.82
364,22,1,0,0.82
364,15,0,0,0.83
365,48,0,1,0.62
365,28,1,1,0.64
365,43,1,1,0.67
365,22,1,1,0.82
365,65,1,1,0.82
365,15,1,1,0.83
366,48,0,0,0.62
366,28,1,0,0.64
366,43,0,0,0.67
366,65,0,0,0.82
366,22,0,0,0.82
366,15,0,0,0.83
367,48,0,0,0.62
367,28,1,0,0.64
367,43,0,0,0.67
367,65,0,0,0.82
367,22,0,0,0.82
367,15,0,0,0.83
368,48,0,1,0.62
368,28,1,1,0.64
368,43,1,1,0.67
368,22,1,1,0.82
368,65,1,1,0.82
368,15,1,1,0.83
369,48,0,0,0.62
369,28,1,0,0.64
369,43,0,0,0.67
369,65,0,0,0.82
369,22,0,0,0.82
369,15,0,0,0.83
370,48,0,1,0.62
370,28,1,1,0.64
370,43,1,1,0.67
370,65,1,1,0.82
370,22,1,1,0.82
370,15,1,1,0.83
371,48,0,1,0.62
371,28,1,1,0.64
371,43,1,1,0.67
371,65,0,1,0.82
371,22,0,1,0.82
371,15,1,1,0.83
372,48,0,1,0.62
372,28,1,1,0.64
372,43,1,1,0.67
372,22,0,1,0.82
372,65,0,1,0.82
372,15,1,1,0.83
373,48,0,0,0.62
373,28,0,0,0.64
373,43,0,0,0.67
373,22,0,0,0.82
373,65,0,0,0.82
373,15,0,0,0.83
374,48,0,0,0.62
374,28,1,0,0.64
374,43,0,0,0.67
374,65,0,0,0.82
374,22,0,0,0.82
374,15,0,0,0.83
375,48,0,1,0.62
375,28,1,1,0.64
375,43,0,1,0.67
375,65,0,1,0.82
375,22,0,1,0.82
375,15,1,1,0.83
376,48,0,0,0.62
376,28,0,0,0.64
376,43,0,0,0.67
376,22,0,0,0.82
376,65,0,0,0.82
376,15,0,0,0.83
377,48,0,0,0.62
377,28,1,0,0.64
377,43,0,0,0.67
377,22,0,0,0.82
377,65,0,0,0.82
377,15,0,0,0.83
378,48,0,0,0.62
378,28,1,0,0.64
378,43,0,0,0.67
378,22,0,0,0.82
378,65,0,0,0.82
378,15,0,0,0.83
379,48,0,0,0.62
379,28,1,0,0.64
379,43,0,0,0.67
379,65,0,0,0.82
379,22,0,0,0.82
379,15,0,0,0.83
380,48,1,1,0.62
380,28,1,1,0.64
380,43,1,1,0.67
380,65,1,1,0.82
380,22,1,1,0.82
380,15,0,1,0.83
381,48,1,1,0.62
381,28,1,1,0.64
381,43,1,1,0.67
381,65,1,1,0.82
381,22,1,1,0.82
381,15,1,1,0.83
382,48,0,0,0.62
382,28,1,0,0.64
382,43,0,0,0.67
382,65,0,0,0.82
382,22,0,0,0.82
382,15,0,0,0.83
383,48,1,1,0.62
383,28,1,1,0.64
383,43,1,1,0.67
383,22,1,1,0.82
383,65,1,1,0.82
383,15,1,1,0.83
384,48,1,0,0.62
384,28,1,0,0.64
384,43,1,0,0.67
384,65,0,0,0.82
384,22,0,0,0.82
384,15,1,0,0.83
385,48,1,1,0.62
385,28,1,1,0.64
385,43,1,1,0.67
385,65,1,1,0.82
385,22,1,1,0.82
385,15,1,1,0.83
386,48,0,0,0.62
386,28,1,0,0.64
386,43,0,0,0.67
386,65,0,0,0.82
386,22,0,0,0.82
386,15,0,0,0.83
387,48,0,0,0.62
387,28,1,0,0.64
387,43,0,0,0.67
387,22,0,0,0.82
387,65,0,0,0.82
387,15,0,0,0.83
388,48,0,1,0.62
388,28,1,1,0.64
388,43,1,1,0.67
388,22,0,1,0.82
388,65,0,1,0.82
388,15,1,1,0.83
389,48,0,1,0.62
389,28,1,1,0.64
389,43,1,1,0.67
389,22,0,1,0.82
389,65,0,1,0.82
389,15,1,1,0.83
390,48,0,0,0.62
390,28,1,0,0.64
390,43,0,0,0.67
390,65,0,0,0.82
390,22,0,0,0.82
390,15,0,0,0.83
391,48,0,0,0.62
391,28,1,0,0.64
391,43,0,0,0.67
391,22,0,0,0.82
391,65,0,0,0.82
391,15,0,0,0.83
392,48,0,1,0.62
392,28,1,1,0.64
392,43,0,1,0.67
392,65,0,1,0.82
392,22,0,1,0.82
392,15,1,1,0.83
393,48,0,0,0.62
393,28,0,0,0.64
393,43,0,0,0.67
393,22,0,0,0.82
393,65,0,0,0.82
393,15,0,0,0.83
394,48,0,0,0.62
394,28,1,0,0.64
394,43,0,0,0.67
394,22,0,0,0.82
394,65,0,0,0.82
394,15,1,0,0.83
395,48,0,0,0.62
395,28,1,0,0.64
395,43,0,0,0.67
395,22,0,0,0.82
395,65,0,0,0.82
395,15,0,0,0.83
396,48,0,0,0.62
396,28,1,0,0.64
396,43,0,0,0.67
396,65,0,0,0.82
396,22,0,0,0.82
396,15,0,0,0.83
397,48,0,0,0.62
397,28,0,0,0.64
397,43,0,0,0.67
397,65,0,0,0.82
397,22,0,0,0.82
397,15,0,0,0.83
398,48,0,1,0.62
398,28,1,1,0.64
398,43,1,1,0.67
398,22,1,1,0.82
398,65,0,1,0.82
398,15,1,1,0.83
399,48,0,1,0.62
399,28,1,1,0.64
399,43,1,1,0.67
399,22,0,1,0.82
399,65,1,1,0.82
399,15,0,1,0.83
400,48,0,1,0.62
400,28,1,1,0.64
400,43,0,1,0.67
400,22,0,1,0.82
400,65,0,1,0.82
400,15,1,1,0.83
401,48,1,1,0.62
401,28,1,1,0.64
401,43,1,1,0.67
401,65,1,1,0.82
401,22,1,1,0.82
401,15,1,1,0.83
402,48,1,1,0.62
402,28,1,1,0.64
402,43,1,1,0.67
402,65,1,1,0.82
402,22,0,1,0.82
402,15,1,1,0.83
403,48,0,0,0.62
403,28,1,0,0.64
403,43,0,0,0.67
403,65,0,0,0.82
403,22,0,0,0.82
403,15,0,0,0.83
404,48,0,0,0.62
404,28,1,0,0.64
404,43,0,0,0.67
404,22,0,0,0.82
404,65,1,0,0.82
404,15,0,0,0.83
405,48,1,1,0.62
405,28,1,1,0.64
405,43,1,1,0.67
405,65,1,1,0.82
405,22,1,1,0.82
405,15,0,1,0.83
406,48,1,1,0.62
406,28,1,1,0.64
406,43,1,1,0.67
406,65,1,1,0.82
406,22,1,1,0.82
406,15,1,1,0.83
407,48,1,1,0.62
407,28,1,1,0.64
407,43,1,1,0.67
407,65,1,1,0.82
407,22,0,1,0.82
407,15,1,1,0.83
408,48,0,0,0.62
408,28,0,0,0.64
408,43,0,0,0.67
408,22,0,0,0.82
408,65,0,0,0.82
408,15,0,0,0.83
409,48,0,1,0.62
409,28,1,1,0.64
409,43,1,1,0.67
409,22,0,1,0.82
409,65,0,1,0.82
409,15,1,1,0.83
410,48,0,1,0.62
410,28,1,1,0.64
410,43,1,1,0.67
410,65,0,1,0.82
410,22,1,1,0.82
410,15,1,1,0.83
411,48,0,1,0.62
411,28,1,1,0.64
411,43,1,1,0.67
411,65,0,1,0.82
411,22,0,1,0.82
411,15,1,1,0.83
412,48,0,1,0.62
412,28,1,1,0.64
412,43,1,1,0.67
412,65,1,1,0.82
412,22,1,1,0.82
412,15,1,1,0.83
413,48,0,0,0.62
413,28,1,0,0.64
413,43,0,0,0.67
413,65,0,0,0.82
413,22,0,0,0.82
413,15,0,0,0.83
414,48,0,1,0.62
414,28,1,1,0.64
414,43,1,1,0.67
414,65,0,1,0.82
414,22,0,1,0.82
414,15,1,1,0.83
415,48,0,0,0.62
415,28,0,0,0.64
415,43,0,0,0.67
415,22,0,0,0.82
415,65,0,0,0.82
415,15,0,0,0.83
416,48,0,1,0.62
416,28,1,1,0.64
416,43,1,1,0.67
416,65,1,1,0.82
416,22,1,1,0.82
416,15,1,1,0.83
417,48,0,0,0.62
417,28,1,0,0.64
417,43,0,0,0.67
417,65,0,0,0.82
417,22,0,0,0.82
417,15,0,0,0.83
418,48,0,1,0.62
418,28,1,1,0.64
418,43,0,1,0.67
418,22,0,1,0.82
418,65,0,1,0.82
418,15,1,1,0.83
419,48,0,0,0.62
419,28,1,0,0.64
419,43,0,0,0.67
419,22,0,0,0.82
419,65,0,0,0.82
419,15,0,0,0.83
420,48,0,1,0.62
420,28,1,1,0.64
420,43,0,1,0.67
420,22,0,1,0.82
420,65,1,1,0.82
420,15,1,1,0.83
421,48,0,1,0.62
421,28,1,1,0.64
421,43,0,1,0.67
421,22,1,1,0.82
421,65,0,1,0.82
421,15,0,1,0.83
422,48,0,1,0.62
422,28,1,1,0.64
422,43,0,1,0.67
422,65,0,1,0.82
422,22,1,1,0.82
422,15,1,1,0.83
423,48,0,0,0.62
423,28,0,0,0.64
423,43,0,0,0.67
423,65,0,0,0.82
423,22,0,0,0.82
423,15,0,0,0.83
424,48,0,0,0.62
424,28,0,0,0.64
424,43,0,0,0.67
424,22,0,0,0.82
424,65,0,0,0.82
424,15,0,0,0.83
425,48,0,0,0.62
425,28,1,0,0.64
425,43,0,0,0.67
425,65,0,0,0.82
425,22,0,0,0.82
425,15,0,0,0.83
426,48,0,1,0.62
426,28,1,1,0.64
426,43,1,1,0.67
426,22,1,1,0.82
426,65,1,1,0.82
426,15,1,1,0.83
427,48,0,1,0.62
427,28,1,1,0.64
427,43,1,1,0.67
427,22,1,1,0.82
427,65,1,1,0.82
427,15,1,1,0.83
428,48,0,1,0.62
428,28,1,1,0.64
428,43,1,1,0.67
428,65,0,1,0.82
428,22,0,1,0.82
428,15,1,1,0.83
429,48,0,0,0.62
429,28,0,0,0.64
429,43,0,0,0.67
429,65,0,0,0.82
429,22,0,0,0.82
429,15,0,0,0.83
430,48,0,0,0.62
430,28,1,0,0.64
430,43,0,0,0.67
430,65,0,0,0.82
430,22,0,0,0.82
430,15,0,0,0.83
431,48,0,1,0.62
431,28,0,1,0.64
431,43,1,1,0.67
431,65,0,1,0.82
431,22,1,1,0.82
431,15,0,1,0.83
432,48,1,1,0.62
432,28,1,1,0.64
432,43,1,1,0.67
432,65,1,1,0.82
432,22,1,1,0.82
432,15,1,1,0.83
433,48,1,1,0.62
433,28,1,1,0.64
433,43,0,1,0.67
433,22,1,1,0.82
433,65,1,1,0.82
433,15,1,1,0.83
434,48,0,1,0.62
434,28,1,1,0.64
434,43,1,1,0.67
434,22,1,1,0.82
434,65,1,1,0.82
434,15,1,1,0.83
435,48,1,1,0.62
435,28,1,1,0.64
435,43,1,1,0.67
435,65,0,1,0.82
435,22,1,1,0.82
435,15,1,1,0.83
436,48,1,0,0.62
436,28,1,0,0.64
436,43,1,0,0.67
436,65,1,0,0.82
436,22,0,0,0.82
436,15,0,0,0.83
437,48,0,1,0.62
437,28,1,1,0.64
437,43,1,1,0.67
437,65,1,1,0.82
437,22,0,1,0.82
437,15,1,1,0.83
438,48,0,0,0.62
438,28,1,0,0.64
438,43,0,0,0.67
438,65,0,0,0.82
438,22,0,0,0.82
438,15,0,0,0.83
439,48,0,0,0.62
439,28,1,0,0.64
439,43,0,0,0.67
439,65,0,0,0.82
439,22,0,0,0.82
439,15,0,0,0.83
440,47,0,0,0.59
440,48,0,0,0.62
440,28,0,0,0.64
440,43,0,0,0.67
440,66,0,0,0.75
440,15,0,0,0.83
441,47,1,1,0.59
441,48,1,1,0.62
441,28,1,1,0.64
441,43,1,1,0.67
441,66,1,1,0.75
441,15,1,1,0.83
442,47,0,0,0.59
442,48,0,0,0.62
442,28,1,0,0.64
442,43,0,0,0.67
442,66,1,0,0.75
442,15,0,0,0.83
443,47,1,0,0.59
443,48,0,0,0.62
443,28,0,0,0.64
443,43,0,0,0.67
443,66,0,0,0.75
443,15,0,0,0.83
444,47,0,0,0.59
444,48,0,0,0.62
444,28,0,0,0.64
444,43,0,0,0.67
444,66,0,0,0.75
444,15,0,0,0.83
445,47,1,1,0.59
445,48,1,1,0.62
445,28,1,1,0.64
445,43,1,1,0.67
445,66,1,1,0.75
445,15,1,1,0.83
446,47,1,1,0.59
446,48,0,1,0.62
446,28,1,1,0.64
446,43,1,1,0.67
446,66,1,1,0.75
446,15,1,1,0.83
447,47,1,1,0.59
447,48,0,1,0.62
447,28,1,1,0.64
447,43,1,1,0.67
447,66,1,1,0.75
447,15,1,1,0.83
448,47,1,1,0.59
448,48,1,1,0.62
448,28,1,1,0.64
448,43,1,1,0.67
448,66,1,1,0.75
448,15,1,1,0.83
449,47,0,1,0.59
449,48,0,1,0.62
449,28,1,1,0.64
449,43,1,1,0.67
449,66,1,1,0.75
449,15,0,1,0.83
450,47,0,1,0.59
450,48,1,1,0.62
450,28,1,1,0.64
450,43,1,1,0.67
450,66,1,1,0.75
450,15,1,1,0.83
451,47,0,1,0.59
451,48,0,1,0.62
451,28,1,1,0.64
451,43,1,1,0.67
451,66,0,1,0.75
451,15,1,1,0.83
452,47,1,1,0.59
452,48,1,1,0.62
452,28,1,1,0.64
452,43,1,1,0.67
452,66,1,1,0.75
452,15,1,1,0.83
453,47,1,1,0.59
453,48,0,1,0.62
453,28,1,1,0.64
453,43,0,1,0.67
453,66,1,1,0.75
453,15,1,1,0.83
454,47,0,1,0.59
454,48,0,1,0.62
454,28,1,1,0.64
454,43,1,1,0.67
454,66,1,1,0.75
454,15,1,1,0.83
455,47,1,0,0.59
455,48,0,0,0.62
455,28,0,0,0.64
455,43,0,0,0.67
455,66,1,0,0.75
455,15,0,0,0.83
456,47,0,1,0.59
456,48,0,1,0.62
456,28,1,1,0.64
456,43,1,1,0.67
456,66,1,1,0.75
456,15,1,1,0.83
457,47,0,1,0.59
457,48,0,1,0.62
457,28,1,1,0.64
457,43,1,1,0.67
457,66,1,1,0.75
457,15,1,1,0.83
458,47,1,0,0.59
458,48,0,0,0.62
458,28,1,0,0.64
458,43,0,0,0.67
458,66,0,0,0.75
458,15,0,0,0.83
459,47,1,0,0.59
459,48,0,0,0.62
459,28,0,0,0.64
459,43,0,0,0.67
459,66,1,0,0.75
459,15,1,0,0.83
460,28,0,0,0.64
460,77,0,0,0.67
460,79,0,0,0.67
460,43,0,0,0.67
460,66,1,0,0.75
460,6,0,0,0.8
461,28,1,1,0.64
461,43,1,1,0.67
461,79,0,1,0.67
461,77,0,1,0.67
461,66,1,1,0.75
461,6,1,1,0.8
462,28,1,1,0.64
462,77,0,1,0.67
462,79,0,1,0.67
462,43,1,1,0.67
462,66,1,1,0.75
462,6,1,1,0.8
463,28,1,0,0.64
463,43,0,0,0.67
463,79,0,0,0.67
463,77,0,0,0.67
463,66,0,0,0.75
463,6,0,0,0.8
464,28,1,1,0.64
464,43,0,1,0.67
464,79,0,1,0.67
464,77,0,1,0.67
464,66,1,1,0.75
464,6,0,1,0.8
465,28,0,0,0.64
465,77,0,0,0.67
465,43,0,0,0.67
465,79,1,0,0.67
465,66,0,0,0.75
465,6,0,0,0.8
466,28,0,0,0.64
466,79,1,0,0.67
466,77,0,0,0.67
466,43,0,0,0.67
466,66,0,0,0.75
466,6,0,0,0.8
467,28,1,0,0.64
467,43,0,0,0.67
467,79,1,0,0.67
467,77,0,0,0.67
467,66,1,0,0.75
467,6,0,0,0.8
468,28,1,0,0.64
468,77,0,0,0.67
468,79,1,0,0.67
468,43,0,0,0.67
468,66,1,0,0.75
468,6,0,0,0.8
469,28,1,1,0.64
469,43,1,1,0.67
469,77,0,1,0.67
469,79,1,1,0.67
469,66,1,1,0.75
469,6,1,1,0.8
470,28,1,0,0.64
470,77,0,0,0.67
470,79,0,0,0.67
470,43,0,0,0.67
470,66,1,0,0.75
470,6,1,0,0.8
471,28,1,1,0.64
471,77,0,1,0.67
471,79,0,1,0.67
471,43,0,1,0.67
471,66,1,1,0.75
471,6,0,1,0.8
472,28,1,1,0.64
472,43,1,1,0.67
472,79,0,1,0.67
472,77,0,1,0.67
472,66,1,1,0.75
472,6,1,1,0.8
473,28,1,1,0.64
473,79,0,1,0.67
473,43,1,1,0.67
473,77,1,1,0.67
473,66,1,1,0.75
473,6,1,1,0.8
474,28,1,1,0.64
474,79,0,1,0.67
474,77,0,1,0.67
474,43,1,1,0.67
474,66,0,1,0.75
474,6,0,1,0.8
475,28,1,1,0.64
475,43,0,1,0.67
475,79,1,1,0.67
475,77,0,1,0.67
475,66,1,1,0.75
475,6,0,1,0.8
476,28,0,0,0.64
476,77,0,0,0.67
476,79,1,0,0.67
476,43,0,0,0.67
476,66,0,0,0.75
476,6,0,0,0.8
477,28,1,0,0.64
477,43,0,0,0.67
477,79,1,0,0.67
477,77,1,0,0.67
477,66,0,0,0.75
477,6,0,0,0.8
478,28,1,0,0.64
478,77,0,0,0.67
478,43,0,0,0.67
478,79,1,0,0.67
478,66,1,0,0.75
478,6,0,0,0.8
479,28,1,1,0.64
479,77,0,1,0.67
479,79,1,1,0.67
479,43,1,1,0.67
479,66,1,1,0.75
479,6,0,1,0.8
480,28,1,1,0.64
480,43,1,1,0.67
480,77,0,1,0.67
480,79,1,1,0.67
480,6,0,1,0.8
480,15,1,1,0.83
481,28,0,0,0.64
481,77,0,0,0.67
481,43,1,0,0.67
481,79,1,0,0.67
481,6,0,0,0.8
481,15,0,0,0.83
482,28,1,1,0.64
482,79,0,1,0.67
482,43,1,1,0.67
482,77,0,1,0.67
482,6,1,1,0.8
482,15,1,1,0.83
483,28,0,0,0.64
483,79,0,0,0.67
483,77,0,0,0.67
483,43,0,0,0.67
483,6,1,0,0.8
483,15,0,0,0.83
484,28,0,1,0.64
484,43,0,1,0.67
484,77,0,1,0.67
484,79,1,1,0.67
484,6,1,1,0.8
484,15,0,1,0.83
485,28,1,1,0.64
485,77,1,1,0.67
485,43,1,1,0.67
485,79,1,1,0.67
485,6,1,1,0.8
485,15,1,1,0.83
486,28,1,0,0.64
486,43,0,0,0.67
486,77,0,0,0.67
486,79,0,0,0.67
486,6,0,0,0.8
486,15,0,0,0.83
487,28,1,1,0.64
487,79,0,1,0.67
487,43,1,1,0.67
487,77,1,1,0.67
487,6,1,1,0.8
487,15,1,1,0.83
488,28,1,1,0.64
488,43,1,1,0.67
488,77,1,1,0.67
488,79,1,1,0.67
488,6,1,1,0.8
488,15,1,1,0.83
489,28,1,0,0.64
489,43,0,0,0.67
489,79,1,0,0.67
489,77,0,0,0.67
489,6,0,0,0.8
489,15,0,0,0.83
490,28,1,1,0.64
490,43,1,1,0.67
490,77,1,1,0.67
490,79,0,1,0.67
490,6,1,1,0.8
490,15,1,1,0.83
491,28,1,1,0.64
491,43,0,1,0.67
491,77,0,1,0.67
491,79,0,1,0.67
491,6,0,1,0.8
491,15,0,1,0.83
492,28,1,0,0.64
492,43,0,0,0.67
492,77,0,0,0.67
492,79,1,0,0.67
492,6,0,0,0.8
492,15,0,0,0.83
493,28,1,0,0.64
493,79,1,0,0.67
493,43,0,0,0.67
493,77,0,0,0.67
493,6,0,0,0.8
493,15,0,0,0.83
494,28,1,1,0.64
494,43,0,1,0.67
494,77,1,1,0.67
494,79,0,1,0.67
494,6,0,1,0.8
494,15,0,1,0.83
495,28,0,0,0.64
495,79,0,0,0.67
495,77,0,0,0.67
495,43,0,0,0.67
495,6,1,0,0.8
495,15,0,0,0.83
496,28,1,0,0.64
496,43,0,0,0.67
496,77,0,0,0.67
496,79,1,0,0.67
496,6,0,0,0.8
496,15,0,0,0.83
497,28,1,1,0.64
497,77,0,1,0.67
497,43,0,1,0.67
497,79,1,1,0.67
497,6,0,1,0.8
497,15,1,1,0.83
498,28,1,1,0.64
498,77,1,1,0.67
498,43,1,1,0.67
498,79,0,1,0.67
498,6,1,1,0.8
498,15,1,1,0.83
499,28,1,1,0.64
499,77,1,1,0.67
499,43,0,1,0.67
499,79,0,1,0.67
499,6,1,1,0.8
499,15,1,1,0.83
500,47,1,1,0.59
500,70,1,1,0.62
500,28,1,1,0.64
500,43,1,1,0.67
500,79,1,1,0.67
500,15,1,1,0.83
501,47,1,1,0.59
501,70,0,1,0.62
501,28,1,1,0.64
501,43,1,1,0.67
501,79,0,1,0.67
501,15,1,1,0.83
502,47,0,0,0.59
502,70,0,0,0.62
502,28,0,0,0.64
502,79,1,0,0.67
502,43,0,0,0.67
502,15,0,0,0.83
503,47,1,0,0.59
503,70,0,0,0.62
503,28,1,0,0.64
503,79,0,0,0.67
503,43,0,0,0.67
503,15,0,0,0.83
504,47,0,1,0.59
504,70,1,1,0.62
504,28,1,1,0.64
504,43,0,1,0.67
504,79,1,1,0.67
504,15,0,1,0.83
505,47,1,1,0.59
505,70,0,1,0.62
505,28,1,1,0.64
505,79,0,1,0.67
505,43,0,1,0.67
505,15,1,1,0.83
506,47,1,0,0.59
506,70,0,0,0.62
506,28,1,0,0.64
506,43,0,0,0.67
506,79,1,0,0.67
506,15,0,0,0.83
507,47,1,0,0.59
507,70,0,0,0.62
507,28,1,0,0.64
507,79,0,0,0.67
507,43,0,0,0.67
507,15,0,0,0.83
508,47,0,0,0.59
508,70,0,0,0.62
508,28,1,0,0.64
508,43,0,0,0.67
508,79,1,0,0.67
508,15,0,0,0.83
509,47,1,1,0.59
509,70,1,1,0.62
509,28,1,1,0.64
509,43,1,1,0.67
509,79,0,1,0.67
509,15,1,1,0.83
510,47,0,0,0.59
510,70,0,0,0.62
510,28,1,0,0.64
510,79,1,0,0.67
510,43,0,0,0.67
510,15,0,0,0.83
511,47,1,1,0.59
511,70,0,1,0.62
511,28,1,1,0.64
511,79,0,1,0.67
511,43,1,1,0.67
511,15,1,1,0.83
512,47,1,1,0.59
512,70,0,1,0.62
512,28,1,1,0.64
512,43,0,1,0.67
512,79,1,1,0.67
512,15,0,1,0.83
513,47,0,1,0.59
513,70,1,1,0.62
513,28,1,1,0.64
513,43,1,1,0.67
513,79,0,1,0.67
513,15,1,1,0.83
514,47,0,0,0.59
514,70,0,0,0.62
514,28,1,0,0.64
514,43,0,0,0.67
514,79,1,0,0.67
514,15,0,0,0.83
515,47,1,0,0.59
515,70,0,0,0.62
515,28,1,0,0.64
515,79,0,0,0.67
515,43,0,0,0.67
515,15,0,0,0.83
516,47,0,0,0.59
516,70,0,0,0.62
516,28,0,0,0.64
516,43,0,0,0.67
516,79,1,0,0.67
516,15,0,0,0.83
517,47,1,1,0.59
517,70,0,1,0.62
517,28,1,1,0.64
517,79,0,1,0.67
517,43,0,1,0.67
517,15,1,1,0.83
518,47,1,1,0.59
518,70,0,1,0.62
518,28,1,1,0.64
518,79,1,1,0.67
518,43,0,1,0.67
518,15,1,1,0.83
519,47,0,0,0.59
519,70,0,0,0.62
519,28,1,0,0.64
519,79,0,0,0.67
519,43,0,0,0.67
519,15,0,0,0.83
520,74,0,0,0.53
520,28,1,0,0.64
520,43,0,0,0.67
520,27,0,0,0.81
520,65,0,0,0.82
520,15,0,0,0.83
521,74,0,1,0.53
521,28,1,1,0.64
521,43,1,1,0.67
521,27,0,1,0.81
521,65,1,1,0.82
521,15,1,1,0.83
522,74,0,0,0.53
522,28,0,0,0.64
522,43,0,0,0.67
522,27,0,0,0.81
522,65,0,0,0.82
522,15,0,0,0.83
523,74,0,0,0.53
523,28,1,0,0.64
523,43,0,0,0.67
523,27,0,0,0.81
523,65,0,0,0.82
523,15,0,0,0.83
524,74,1,0,0.53
524,28,0,0,0.64
524,43,0,0,0.67
524,27,0,0,0.81
524,65,0,0,0.82
524,15,0,0,0.83
525,74,0,0,0.53
525,28,0,0,0.64
525,43,0,0,0.67
525,27,0,0,0.81
525,65,0,0,0.82
525,15,0,0,0.83
526,74,0,1,0.53
526,28,1,1,0.64
526,43,1,1,0.67
526,27,0,1,0.81
526,65,1,1,0.82
526,15,1,1,0.83
527,74,0,1,0.53
527,28,1,1,0.64
527,43,1,1,0.67
527,27,1,1,0.81
527,65,1,1,0.82
527,15,1,1,0.83
528,74,0,1,0.53
528,28,1,1,0.64
528,43,1,1,0.67
528,27,1,1,0.81
528,65,1,1,0.82
528,15,1,1,0.83
529,74,0,1,0.53
529,28,1,1,0.64
529,43,1,1,0.67
529,27,1,1,0.81
529,65,1,1,0.82
529,15,1,1,0.83
530,74,0,1,0.53
530,28,1,1,0.64
530,43,1,1,0.67
530,27,1,1,0.81
530,65,1,1,0.82
530,15,1,1,0.83
531,74,0,1,0.53
531,28,1,1,0.64
531,43,0,1,0.67
531,27,1,1,0.81
531,65,0,1,0.82
531,15,1,1,0.83
532,74,0,1,0.53
532,28,1,1,0.64
532,43,0,1,0.67
532,27,1,1,0.81
532,65,0,1,0.82
532,15,0,1,0.83
533,74,0,1,0.53
533,28,1,1,0.64
533,43,0,1,0.67
533,27,1,1,0.81
533,65,1,1,0.82
533,15,1,1,0.83
534,74,0,0,0.53
534,28,0,0,0.64
534,43,0,0,0.67
534,27,0,0,0.81
534,65,0,0,0.82
534,15,0,0,0.83
535,74,0,0,0.53
535,28,1,0,0.64
535,43,0,0,0.67
535,27,1,0,0.81
535,65,0,0,0.82
535,15,0,0,0.83
536,74,0,0,0.53
536,28,1,0,0.64
536,43,0,0,0.67
536,27,0,0,0.81
536,65,0,0,0.82
536,15,0,0,0.83
537,74,0,1,0.53
537,28,1,1,0.64
537,43,1,1,0.67
537,27,0,1,0.81
537,65,0,1,0.82
537,15,1,1,0.83
538,74,0,0,0.53
538,28,1,0,0.64
538,43,0,0,0.67
538,27,0,0,0.81
538,65,0,0,0.82
538,15,0,0,0.83
539,74,0,0,0.53
539,28,0,0,0.64
539,43,0,0,0.67
539,27,0,0,0.81
539,65,0,0,0.82
539,15,0,0,0.83
540,28,1,0,0.64
540,43,0,0,0.67
540,44,0,0,0.75
540,27,0,0,0.81
540,65,0,0,0.82
540,15,0,0,0.83
541,28,0,0,0.64
541,43,0,0,0.67
541,44,0,0,0.75
541,27,0,0,0.81
541,65,0,0,0.82
541,15,0,0,0.83
542,28,1,1,0.64
542,43,0,1,0.67
542,44,1,1,0.75
542,27,0,1,0.81
542,65,0,1,0.82
542,15,1,1,0.83
543,28,1,1,0.64
543,43,0,1,0.67
543,44,0,1,0.75
543,27,1,1,0.81
543,65,0,1,0.82
543,15,1,1,0.83
544,28,1,0,0.64
544,43,0,0,0.67
544,44,0,0,0.75
544,27,0,0,0.81
544,65,0,0,0.82
544,15,0,0,0.83
545,28,1,1,0.64
545,43,1,1,0.67
545,44,0,1,0.75
545,27,1,1,0.81
545,65,1,1,0.82
545,15,1,1,0.83
546,28,1,1,0.64
546,43,1,1,0.67
546,44,0,1,0.75
546,27,1,1,0.81
546,65,0,1,0.82
546,15,1,1,0.83
547,28,1,0,0.64
547,43,1,0,0.67
547,44,0,0,0.75
547,27,0,0,0.81
547,65,0,0,0.82
547,15,1,0,0.83
548,28,1,1,0.64
548,43,0,1,0.67
548,44,1,1,0.75
548,27,0,1,0.81
548,65,0,1,0.82
548,15,0,1,0.83
549,28,1,0,0.64
549,43,0,0,0.67
549,44,0,0,0.75
549,27,1,0,0.81
549,65,0,0,0.82
549,15,0,0,0.83
550,28,0,1,0.64
550,43,0,1,0.67
550,44,1,1,0.75
550,27,1,1,0.81
550,65,1,1,0.82
550,15,0,1,0.83
551,28,1,1,0.64
551,43,0,1,0.67
551,44,0,1,0.75
551,27,0,1,0.81
551,65,0,1,0.82
551,15,0,1,0.83
552,28,0,0,0.64
552,43,0,0,0.67
552,44,0,0,0.75
552,27,0,0,0.81
552,65,0,0,0.82
552,15,0,0,0.83
553,28,1,1,0.64
553,43,0,1,0.67
553,44,0,1,0.75
553,27,1,1,0.81
553,65,1,1,0.82
553,15,0,1,0.83
554,28,1,1,0.64
554,43,0,1,0.67
554,44,0,1,0.75
554,27,1,1,0.81
554,65,1,1,0.82
554,15,1,1,0.83
555,28,1,1,0.64
555,43,1,1,0.67
555,44,1,1,0.75
555,27,1,1,0.81
555,65,1,1,0.82
555,15,1,1,0.83
556,28,1,1,0.64
556,43,1,1,0.67
556,44,0,1,0.75
556,27,1,1,0.81
556,65,1,1,0.82
556,15,1,1,0.83
557,28,1,1,0.64
557,43,1,1,0.67
557,44,0,1,0.75
557,27,0,1,0.81
557,65,0,1,0.82
557,15,1,1,0.83
558,28,1,0,0.64
558,43,0,0,0.67
558,44,0,0,0.75
558,27,0,0,0.81
558,65,0,0,0.82
558,15,0,0,0.83
559,28,1,0,0.64
559,43,0,0,0.67
559,44,0,0,0.75
559,27,0,0,0.81
559,65,0,0,0.82
559,15,0,0,0.83
560,74,1,1,0.53
560,28,1,1,0.64
560,43,1,1,0.67
560,27,1,1,0.81
560,65,1,1,0.82
560,15,1,1,0.83
561,74,1,0,0.53
561,28,1,0,0.64
561,43,0,0,0.67
561,27,0,0,0.81
561,65,0,0,0.82
561,15,0,0,0.83
562,74,1,1,0.53
562,28,1,1,0.64
562,43,1,1,0.67
562,27,1,1,0.81
562,65,1,1,0.82
562,15,1,1,0.83
563,74,1,0,0.53
563,28,0,0,0.64
563,43,0,0,0.67
563,27,0,0,0.81
563,65,0,0,0.82
563,15,0,0,0.83
564,74,1,0,0.53
564,28,0,0,0.64
564,43,0,0,0.67
564,27,0,0,0.81
564,65,0,0,0.82
564,15,0,0,0.83
565,74,1,1,0.53
565,28,1,1,0.64
565,43,1,1,0.67
565,27,1,1,0.81
565,65,1,1,0.82
565,15,0,1,0.83
566,74,1,0,0.53
566,28,0,0,0.64
566,43,0,0,0.67
566,27,0,0,0.81
566,65,0,0,0.82
566,15,0,0,0.83
567,74,1,0,0.53
567,28,0,0,0.64
567,43,0,0,0.67
567,27,0,0,0.81
567,65,0,0,0.82
567,15,0,0,0.83
568,74,1,0,0.53
568,28,1,0,0.64
568,43,0,0,0.67
568,27,0,0,0.81
568,65,0,0,0.82
568,15,0,0,0.83
569,74,1,0,0.53
569,28,0,0,0.64
569,43,0,0,0.67
569,27,0,0,0.81
569,65,0,0,0.82
569,15,0,0,0.83
570,74,1,0,0.53
570,28,0,0,0.64
570,43,0,0,0.67
570,27,0,0,0.81
570,65,0,0,0.82
570,15,0,0,0.83
571,74,1,0,0.53
571,28,1,0,0.64
571,43,0,0,0.67
571,27,0,0,0.81
571,65,0,0,0.82
571,15,0,0,0.83
572,74,1,1,0.53
572,28,1,1,0.64
572,43,1,1,0.67
572,27,1,1,0.81
572,65,1,1,0.82
572,15,1,1,0.83
573,74,1,1,0.53
573,28,1,1,0.64
573,43,0,1,0.67
573,27,1,1,0.81
573,65,1,1,0.82
573,15,1,1,0.83
574,74,1,0,0.53
574,28,0,0,0.64
574,43,0,0,0.67
574,27,0,0,0.81
574,65,0,0,0.82
574,15,0,0,0.83
575,74,1,0,0.53
575,28,0,0,0.64
575,43,0,0,0.67
575,27,0,0,0.81
575,65,0,0,0.82
575,15,0,0,0.83
576,74,1,1,0.53
576,28,1,1,0.64
576,43,1,1,0.67
576,27,1,1,0.81
576,65,1,1,0.82
576,15,1,1,0.83
577,74,1,1,0.53
577,28,1,1,0.64
577,43,1,1,0.67
577,27,1,1,0.81
577,65,1,1,0.82
577,15,1,1,0.83
578,74,1,0,0.53
578,28,0,0,0.64
578,43,0,0,0.67
578,27,0,0,0.81
578,65,0,0,0.82
578,15,0,0,0.83
579,74,1,1,0.53
579,28,1,1,0.64
579,43,1,1,0.67
579,27,1,1,0.81
579,65,1,1,0.82
579,15,1,1,0.83
580,74,0,0,0.53
580,28,0,0,0.64
580,43,0,0,0.67
580,27,0,0,0.81
580,65,0,0,0.82
580,15,0,0,0.83
581,74,1,0,0.53
581,28,0,0,0.64
581,43,0,0,0.67
581,27,0,0,0.81
581,65,0,0,0.82
581,15,0,0,0.83
582,74,1,0,0.53
582,28,1,0,0.64
582,43,0,0,0.67
582,27,0,0,0.81
582,65,0,0,0.82
582,15,0,0,0.83
583,74,1,0,0.53
583,28,1,0,0.64
583,43,0,0,0.67
583,27,0,0,0.81
583,65,0,0,0.82
583,15,0,0,0.83
584,74,1,1,0.53
584,28,1,1,0.64
584,43,0,1,0.67
584,27,0,1,0.81
584,65,0,1,0.82
584,15,1,1,0.83
585,74,1,0,0.53
585,28,1,0,0.64
585,43,0,0,0.67
585,27,0,0,0.81
585,65,0,0,0.82
585,15,0,0,0.83
586,74,1,1,0.53
586,28,1,1,0.64
586,43,0,1,0.67
586,27,1,1,0.81
586,65,0,1,0.82
586,15,1,1,0.83
587,74,1,0,0.53
587,28,1,0,0.64
587,43,0,0,0.67
587,27,1,0,0.81
587,65,0,0,0.82
587,15,0,0,0.83
588,74,1,1,0.53
588,28,1,1,0.64
588,43,1,1,0.67
588,27,1,1,0.81
588,65,1,1,0.82
588,15,1,1,0.83
589,74,1,0,0.53
589,28,1,0,0.64
589,43,0,0,0.67
589,27,1,0,0.81
589,65,0,0,0.82
589,15,0,0,0.83
590,74,1,0,0.53
590,28,0,0,0.64
590,43,0,0,0.67
590,27,1,0,0.81
590,65,0,0,0.82
590,15,0,0,0.83
591,74,1,1,0.53
591,28,1,1,0.64
591,43,0,1,0.67
591,27,1,1,0.81
591,65,0,1,0.82
591,15,0,1,0.83
592,74,1,0,0.53
592,28,1,0,0.64
592,43,0,0,0.67
592,27,0,0,0.81
592,65,0,0,0.82
592,15,0,0,0.83
593,74,1,1,0.53
593,28,1,1,0.64
593,43,0,1,0.67
593,27,0,1,0.81
593,65,0,1,0.82
593,15,0,1,0.83
594,74,1,1,0.53
594,28,1,1,0.64
594,43,0,1,0.67
594,27,0,1,0.81
594,65,1,1,0.82
594,15,0,1,0.83
595,74,1,1,0.53
595,28,1,1,0.64
595,43,0,1,0.67
595,27,1,1,0.81
595,65,1,1,0.82
595,15,0,1,0.83
596,74,1,0,0.53
596,28,0,0,0.64
596,43,0,0,0.67
596,27,0,0,0.81
596,65,0,0,0.82
596,15,0,0,0.83
597,74,1,1,0.53
597,28,1,1,0.64
597,43,0,1,0.67
597,27,1,1,0.81
597,65,1,1,0.82
597,15,0,1,0.83
598,74,1,0,0.53
598,28,1,0,0.64
598,43,0,0,0.67
598,27,0,0,0.81
598,65,0,0,0.82
598,15,0,0,0.83
599,74,1,0,0.53
599,28,0,0,0.64
599,43,0,0,0.67
599,27,0,0,0.81
599,65,0,0,0.82
599,15,0,0,0.83
600,37,1,1,0.51
600,72,0,1,0.51
600,74,0,1,0.53
600,47,1,1,0.59
600,28,1,1,0.64
600,43,1,1,0.67
601,37,0,1,0.51
601,72,0,1,0.51
601,74,0,1,0.53
601,47,0,1,0.59
601,28,1,1,0.64
601,43,1,1,0.67
602,72,0,1,0.51
602,37,1,1,0.51
602,74,0,1,0.53
602,47,0,1,0.59
602,28,1,1,0.64
602,43,0,1,0.67
603,72,1,0,0.51
603,37,0,0,0.51
603,74,0,0,0.53
603,47,0,0,0.59
603,28,1,0,0.64
603,43,0,0,0.67
604,72,1,0,0.51
604,37,1,0,0.51
604,74,0,0,0.53
604,47,0,0,0.59
604,28,1,0,0.64
604,43,0,0,0.67
605,72,1,1,0.51
605,37,0,1,0.51
605,74,0,1,0.53
605,47,0,1,0.59
605,28,1,1,0.64
605,43,0,1,0.67
606,72,1,1,0.51
606,37,1,1,0.51
606,74,0,1,0.53
606,47,1,1,0.59
606,28,1,1,0.64
606,43,1,1,0.67
607,37,0,1,0.51
607,72,0,1,0.51
607,74,0,1,0.53
607,47,1,1,0.59
607,28,0,1,0.64
607,43,1,1,0.67
608,72,0,0,0.51
608,37,0,0,0.51
608,74,0,0,0.53
608,47,0,0,0.59
608,28,1,0,0.64
608,43,0,0,0.67
609,37,0,1,0.51
609,72,0,1,0.51
609,74,0,1,0.53
609,47,1,1,0.59
609,28,1,1,0.64
609,43,0,1,0.67
610,37,1,0,0.51
610,72,0,0,0.51
610,74,0,0,0.53
610,47,0,0,0.59
610,28,1,0,0.64
610,43,0,0,0.67
611,37,0,0,0.51
611,72,1,0,0.51
611,74,0,0,0.53
611,47,0,0,0.59
611,28,1,0,0.64
611,43,0,0,0.67
612,72,1,0,0.51
612,37,1,0,0.51
612,74,0,0,0.53
612,47,1,0,0.59
612,28,1,0,0.64
612,43,0,0,0.67
613,37,1,1,0.51
613,72,1,1,0.51
613,74,0,1,0.53
613,47,1,1,0.59
613,28,1,1,0.64
613,43,0,1,0.67
614,72,1,1,0.51
614,37,0,1,0.51
614,74,0,1,0.53
614,47,0,1,0.59
614,28,1,1,0.64
614,43,1,1,0.67
615,37,1,0,0.51
615,72,0,0,0.51
615,74,0,0,0.53
615,47,1,0,0.59
615,28,0,0,0.64
615,43,0,0,0.67
616,37,1,0,0.51
616,72,0,0,0.51
616,74,0,0,0.53
616,47,0,0,0.59
616,28,0,0,0.64
616,43,0,0,0.67
617,37,1,1,0.51
617,72,1,1,0.51
617,74,0,1,0.53
617,47,0,1,0.59
617,28,1,1,0.64
617,43,1,1,0.67
618,72,0,1,0.51
618,37,0,1,0.51
618,74,0,1,0.53
618,47,1,1,0.59
618,28,1,1,0.64
618,43,0,1,0.67
619,37,0,0,0.51
619,72,0,0,0.51
619,74,0,0,0.53
619,47,1,0,0.59
619,28,1,0,0.64
619,43,0,0,0.67
620,25,1,1,0.49
620,72,0,1,0.51
620,37,1,1,0.51
620,74,1,1,0.53
620,28,1,1,0.64
620,43,0,1,0.67
621,25,0,1,0.49
621,37,1,1,0.51
621,72,0,1,0.51
621,74,1,1,0.53
621,28,1,1,0.64
621,43,0,1,0.67
622,41,1,0,0.49
622,37,1,0,0.51
622,72,0,0,0.51
622,74,1,0,0.53
622,28,0,0,0.64
622,43,0,0,0.67
623,41,0,1,0.49
623,37,0,1,0.51
623,72,0,1,0.51
623,74,1,1,0.53
623,28,1,1,0.64
623,43,0,1,0.67
624,41,1,0,0.49
624,37,0,0,0.51
624,72,1,0,0.51
624,74,1,0,0.53
624,28,0,0,0.64
624,43,0,0,0.67
625,41,0,0,0.49
625,37,1,0,0.51
625,72,1,0,0.51
625,74,1,0,0.53
625,28,0,0,0.64
625,43,0,0,0.67
626,25,1,0,0.49
626,72,1,0,0.51
626,37,0,0,0.51
626,74,1,0,0.53
626,28,1,0,0.64
626,43,0,0,0.67
627,41,1,1,0.49
627,72,1,1,0.51
627,37,0,1,0.51
627,74,1,1,0.53
627,28,1,1,0.64
627,43,0,1,0.67
628,41,1,0,0.49
628,72,1,0,0.51
628,37,1,0,0.51
628,74,1,0,0.53
628,28,0,0,0.64
628,43,0,0,0.67
629,25,0,0,0.49
629,72,1,0,0.51
629,37,1,0,0.51
629,74,1,0,0.53
629,28,0,0,0.64
629,43,0,0,0.67
630,41,1,1,0.49
630,72,1,1,0.51
630,37,1,1,0.51
630,74,1,1,0.53
630,28,1,1,0.64
630,43,0,1,0.67
631,41,1,0,0.49
631,37,0,0,0.51
631,72,1,0,0.51
631,74,1,0,0.53
631,28,0,0,0.64
631,43,0,0,0.67
632,25,1,0,0.49
632,72,0,0,0.51
632,37,1,0,0.51
632,74,1,0,0.53
632,28,1,0,0.64
632,43,1,0,0.67
633,25,0,0,0.49
633,37,0,0,0.51
633,72,0,0,0.51
633,74,1,0,0.53
633,28,0,0,0.64
633,43,0,0,0.67
634,25,1,0,0.49
634,72,0,0,0.51
634,37,1,0,0.51
634,74,1,0,0.53
634,28,0,0,0.64
634,43,0,0,0.67
635,25,0,1,0.49
635,37,1,1,0.51
635,72,0,1,0.51
635,74,1,1,0.53
635,28,1,1,0.64
635,43,1,1,0.67
636,25,0,1,0.49
636,37,0,1,0.51
636,72,0,1,0.51
636,74,1,1,0.53
636,28,1,1,0.64
636,43,0,1,0.67
637,25,1,1,0.49
637,37,0,1,0.51
637,72,1,1,0.51
637,74,1,1,0.53
637,28,1,1,0.64
637,43,0,1,0.67
638,25,1,1,0.49
638,37,1,1,0.51
638,72,0,1,0.51
638,74,1,1,0.53
638,28,1,1,0.64
638,43,0,1,0.67
639,25,1,1,0.49
639,37,0,1,0.51
639,72,1,1,0.51
639,74,1,1,0.53
639,28,1,1,0.64
639,43,1,1,0.67
640,37,1,1,0.51
640,72,1,1,0.51
640,74,0,1,0.53
640,28,1,1,0.64
640,43,1,1,0.67
640,44,1,1,0.75
641,72,1,0,0.51
641,37,0,0,0.51
641,74,0,0,0.53
641,28,0,0,0.64
641,43,0,0,0.67
641,44,0,0,0.75
642,37,0,1,0.51
642,72,1,1,0.51
642,74,1,1,0.53
642,28,1,1,0.64
642,43,1,1,0.67
642,44,1,1,0.75
643,37,1,1,0.51
643,72,1,1,0.51
643,74,1,1,0.53
643,28,1,1,0.64
643,43,0,1,0.67
643,44,0,1,0.75
644,72,1,1,0.51
644,37,1,1,0.51
644,74,1,1,0.53
644,28,1,1,0.64
644,43,1,1,0.67
644,44,1,1,0.75
645,37,0,0,0.51
645,72,0,0,0.51
645,74,1,0,0.53
645,28,1,0,0.64
645,43,0,0,0.67
645,44,0,0,0.75
646,37,1,0,0.51
646,72,0,0,0.51
646,74,0,0,0.53
646,28,1,0,0.64
646,43,0,0,0.67
646,44,0,0,0.75
647,37,0,1,0.51
647,72,0,1,0.51
647,74,0,1,0.53
647,28,1,1,0.64
647,43,1,1,0.67
647,44,0,1,0.75
648,37,1,1,0.51
648,72,0,1,0.51
648,74,0,1,0.53
648,28,1,1,0.64
648,43,0,1,0.67
648,44,0,1,0.75
649,37,0,0,0.51
649,72,0,0,0.51
649,74,0,0,0.53
649,28,0,0,0.64
649,43,0,0,0.67
649,44,0,0,0.75
650,72,0,0,0.51
650,37,0,0,0.51
650,74,0,0,0.53
650,28,1,0,0.64
650,43,0,0,0.67
650,44,0,0,0.75
651,72,0,1,0.51
651,37,1,1,0.51
651,74,0,1,0.53
651,28,1,1,0.64
651,43,0,1,0.67
651,44,1,1,0.75
652,72,0,0,0.51
652,37,0,0,0.51
652,74,0,0,0.53
652,28,0,0,0.64
652,43,0,0,0.67
652,44,0,0,0.75
653,37,0,0,0.51
653,72,0,0,0.51
653,74,0,0,0.53
653,28,1,0,0.64
653,43,0,0,0.67
653,44,0,0,0.75
654,37,1,0,0.51
654,72,0,0,0.51
654,74,0,0,0.53
654,28,1,0,0.64
654,43,0,0,0.67
654,44,0,0,0.75
655,37,1,0,0.51
655,72,0,0,0.51
655,74,1,0,0.53
655,28,1,0,0.64
655,43,0,0,0.67
655,44,0,0,0.75
656,37,1,1,0.51
656,72,1,1,0.51
656,74,1,1,0.53
656,28,1,1,0.64
656,43,1,1,0.67
656,44,0,1,0.75
657,72,1,1,0.51
657,37,0,1,0.51
657,74,0,1,0.53
657,28,1,1,0.64
657,43,0,1,0.67
657,44,1,1,0.75
658,37,1,0,0.51
658,72,1,0,0.51
658,74,0,0,0.53
658,28,1,0,0.64
658,43,0,0,0.67
658,44,0,0,0.75
659,72,1,0,0.51
659,37,0,0,0.51
659,74,0,0,0.53
659,28,1,0,0.64
659,43,0,0,0.67
659,44,0,0,0.75
660,72,1,1,0.51
660,37,1,1,0.51
660,74,0,1,0.53
660,28,1,1,0.64
660,43,0,1,0.67
660,44,1,1,0.75
661,72,1,1,0.51
661,37,0,1,0.51
661,74,1,1,0.53
661,28,1,1,0.64
661,43,0,1,0.67
661,44,0,1,0.75
662,72,0,1,0.51
662,37,0,1,0.51
662,74,0,1,0.53
662,28,1,1,0.64
662,43,0,1,0.67
662,44,0,1,0.75
663,72,0,0,0.51
663,37,0,0,0.51
663,74,0,0,0.53
663,28,0,0,0.64
663,43,0,0,0.67
663,44,0,0,0.75
664,72,0,1,0.51
664,37,1,1,0.51
664,74,1,1,0.53
664,28,0,1,0.64
664,43,0,1,0.67
664,44,1,1,0.75
665,72,1,1,0.51
665,37,0,1,0.51
665,74,0,1,0.53
665,28,1,1,0.64
665,43,0,1,0.67
665,44,0,1,0.75
666,72,1,1,0.51
666,37,1,1,0.51
666,74,1,1,0.53
666,28,1,1,0.64
666,43,0,1,0.67
666,44,0,1,0.75
667,72,0,0,0.51
667,37,0,0,0.51
667,74,0,0,0.53
667,28,1,0,0.64
667,43,0,0,0.67
667,44,0,0,0.75
668,37,0,0,0.51
668,72,0,0,0.51
668,74,1,0,0.53
668,28,1,0,0.64
668,43,1,0,0.67
668,44,0,0,0.75
669,72,1,0,0.51
669,37,0,0,0.51
669,74,0,0,0.53
669,28,1,0,0.64
669,43,0,0,0.67
669,44,0,0,0.75
670,37,0,0,0.51
670,72,0,0,0.51
670,74,0,0,0.53
670,28,0,0,0.64
670,43,0,0,0.67
670,44,0,0,0.75
671,37,1,1,0.51
671,72,1,1,0.51
671,74,1,1,0.53
671,28,1,1,0.64
671,43,0,1,0.67
671,44,0,1,0.75
672,37,0,1,0.51
672,72,0,1,0.51
672,74,0,1,0.53
672,28,1,1,0.64
672,43,0,1,0.67
672,44,0,1,0.75
673,72,1,1,0.51
673,37,1,1,0.51
673,74,0,1,0.53
673,28,1,1,0.64
673,43,0,1,0.67
673,44,0,1,0.75
674,37,0,0,0.51
674,72,0,0,0.51
674,74,0,0,0.53
674,28,1,0,0.64
674,43,0,0,0.67
674,44,0,0,0.75
675,37,1,1,0.51
675,72,0,1,0.51
675,74,0,1,0.53
675,28,1,1,0.64
675,43,0,1,0.67
675,44,0,1,0.75
676,72,0,1,0.51
676,37,0,1,0.51
676,74,0,1,0.53
676,28,1,1,0.64
676,43,0,1,0.67
676,44,0,1,0.75
677,72,0,0,0.51
677,37,1,0,0.51
677,74,1,0,0.53
677,28,1,0,0.64
677,43,0,0,0.67
677,44,0,0,0.75
678,72,1,1,0.51
678,37,1,1,0.51
678,74,1,1,0.53
678,28,0,1,0.64
678,43,1,1,0.67
678,44,1,1,0.75
679,72,1,1,0.51
679,37,0,1,0.51
679,74,1,1,0.53
679,28,1,1,0.64
679,43,0,1,0.67
679,44,1,1,0.75
680,37,1,0,0.51
680,74,0,0,0.53
680,2,1,0,0.6
680,28,0,0,0.64
680,43,0,0,0.67
680,65,0,0,0.82
681,37,1,1,0.51
681,74,1,1,0.53
681,2,1,1,0.6
681,28,1,1,0.64
681,43,0,1,0.67
681,65,0,1,0.82
682,37,0,1,0.51
682,74,1,1,0.53
682,2,1,1,0.6
682,28,1,1,0.64
682,43,0,1,0.67
682,65,1,1,0.82
683,37,0,1,0.51
683,74,1,1,0.53
683,2,1,1,0.6
683,28,1,1,0.64
683,43,0,1,0.67
683,65,1,1,0.82
684,72,1,0,0.51
684,74,1,0,0.53
684,2,0,0,0.6
684,28,1,0,0.64
684,43,0,0,0.67
684,65,0,0,0.82
685,72,1,0,0.51
685,74,1,0,0.53
685,2,1,0,0.6
685,28,1,0,0.64
685,43,1,0,0.67
685,65,0,0,0.82
686,72,1,0,0.51
686,74,1,0,0.53
686,2,1,0,0.6
686,28,1,0,0.64
686,43,0,0,0.67
686,65,0,0,0.82
687,72,1,1,0.51
687,74,1,1,0.53
687,2,1,1,0.6
687,28,1,1,0.64
687,43,0,1,0.67
687,65,0,1,0.82
688,37,0,1,0.51
688,74,1,1,0.53
688,2,1,1,0.6
688,28,1,1,0.64
688,43,0,1,0.67
688,65,0,1,0.82
689,37,0,0,0.51
689,74,1,0,0.53
689,2,1,0,0.6
689,28,1,0,0.64
689,43,0,0,0.67
689,65,0,0,0.82
690,37,1,0,0.51
690,74,1,0,0.53
690,2,0,0,0.6
690,28,1,0,0.64
690,43,0,0,0.67
690,65,0,0,0.82
691,37,0,1,0.51
691,74,1,1,0.53
691,2,1,1,0.6
691,28,1,1,0.64
691,43,1,1,0.67
691,65,0,1,0.82
692,37,1,1,0.51
692,74,1,1,0.53
692,2,1,1,0.6
692,28,1,1,0.64
692,43,0,1,0.67
692,65,1,1,0.82
693,37,0,1,0.51
693,74,1,1,0.53
693,2,1,1,0.6
693,28,1,1,0.64
693,43,0,1,0.67
693,65,0,1,0.82
694,37,0,0,0.51
694,74,1,0,0.53
694,2,1,0,0.6
694,28,1,0,0.64
694,43,0,0,0.67
694,65,0,0,0.82
695,37,1,1,0.51
695,74,1,1,0.53
695,2,1,1,0.6
695,28,1,1,0.64
695,43,0,1,0.67
695,65,0,1,0.82
696,37,1,1,0.51
696,74,1,1,0.53
696,2,1,1,0.6
696,28,1,1,0.64
696,43,1,1,0.67
696,65,1,1,0.82
697,72,1,0,0.51
697,74,1,0,0.53
697,2,1,0,0.6
697,28,1,0,0.64
697,43,0,0,0.67
697,65,0,0,0.82
698,37,1,0,0.51
698,74,1,0,0.53
698,2,1,0,0.6
698,28,1,0,0.64
698,43,0,0,0.67
698,65,0,0,0.82
699,72,0,0,0.51
699,74,1,0,0.53
699,2,1,0,0.6
699,28,0,0,0.64
699,43,0,0,0.67
699,65,0,0,0.82
700,37,0,0,0.51
700,74,1,0,0.53
700,2,1,0,0.6
700,28,0,0,0.64
700,43,0,0,0.67
700,65,0,0,0.82
701,37,1,1,0.51
701,74,1,1,0.53
701,2,0,1,0.6
701,28,0,1,0.64
701,43,0,1,0.67
701,65,0,1,0.82
702,37,0,0,0.51
702,74,1,0,0.53
702,2,1,0,0.6
702,28,0,0,0.64
702,43,0,0,0.67
702,65,0,0,0.82
703,37,1,1,0.51
703,74,1,1,0.53
703,2,1,1,0.6
703,28,1,1,0.64
703,43,0,1,0.67
703,65,1,1,0.82
704,72,1,0,0.51
704,74,1,0,0.53
704,2,1,0,0.6
704,28,1,0,0.64
704,43,0,0,0.67
704,65,0,0,0.82
705,37,0,1,0.51
705,74,1,1,0.53
705,2,1,1,0.6
705,28,1,1,0.64
705,43,1,1,0.67
705,65,1,1,0.82
706,37,1,1,0.51
706,74,1,1,0.53
706,2,1,1,0.6
706,28,1,1,0.64
706,43,0,1,0.67
706,65,1,1,0.82
707,72,0,1,0.51
707,74,1,1,0.53
707,2,1,1,0.6
707,28,1,1,0.64
707,43,0,1,0.67
707,65,1,1,0.82
708,37,1,1,0.51
708,74,1,1,0.53
708,2,1,1,0.6
708,28,1,1,0.64
708,43,0,1,0.67
708,65,1,1,0.82
709,72,0,1,0.51
709,74,1,1,0.53
709,2,1,1,0.6
709,28,1,1,0.64
709,43,0,1,0.67
709,65,1,1,0.82
710,37,1,1,0.51
710,74,1,1,0.53
710,2,1,1,0.6
710,28,1,1,0.64
710,43,0,1,0.67
710,65,1,1,0.82
711,72,0,1,0.51
711,74,1,1,0.53
711,2,1,1,0.6
711,28,1,1,0.64
711,43,0,1,0.67
711,65,1,1,0.82
712,37,0,1,0.51
712,74,1,1,0.53
712,2,1,1,0.6
712,28,1,1,0.64
712,43,1,1,0.67
712,65,1,1,0.82
713,72,0,1,0.51
713,74,1,1,0.53
713,2,1,1,0.6
713,28,1,1,0.64
713,43,0,1,0.67
713,65,1,1,0.82
714,37,1,0,0.51
714,74,1,0,0.53
714,2,1,0,0.6
714,28,1,0,0.64
714,43,0,0,0.67
714,65,0,0,0.82
715,37,1,1,0.51
715,74,1,1,0.53
715,2,1,1,0.6
715,28,1,1,0.64
715,43,0,1,0.67
715,65,1,1,0.82
716,72,1,1,0.51
716,74,1,1,0.53
716,2,1,1,0.6
716,28,1,1,0.64
716,43,0,1,0.67
716,65,1,1,0.82
717,72,0,0,0.51
717,74,1,0,0.53
717,2,1,0,0.6
717,28,1,0,0.64
717,43,0,0,0.67
717,65,0,0,0.82
718,72,1,0,0.51
718,74,1,0,0.53
718,2,1,0,0.6
718,28,1,0,0.64
718,43,1,0,0.67
718,65,0,0,0.82
719,37,0,0,0.51
719,74,1,0,0.53
719,2,1,0,0.6
719,28,0,0,0.64
719,43,0,0,0.67
719,65,0,0,0.82
720,25,1,0,0.49
720,72,1,0,0.51
720,37,1,0,0.51
720,74,1,0,0.53
720,28,1,0,0.64
720,43,1,0,0.67
721,25,0,1,0.49
721,72,1,1,0.51
721,37,0,1,0.51
721,74,1,1,0.53
721,28,0,1,0.64
721,43,0,1,0.67
722,41,1,1,0.49
722,72,1,1,0.51
722,37,0,1,0.51
722,74,1,1,0.53
722,28,1,1,0.64
722,43,0,1,0.67
723,41,1,0,0.49
723,37,1,0,0.51
723,72,1,0,0.51
723,74,0,0,0.53
723,28,0,0,0.64
723,43,0,0,0.67
724,41,1,0,0.49
724,37,0,0,0.51
724,72,1,0,0.51
724,74,0,0,0.53
724,28,0,0,0.64
724,43,0,0,0.67
725,41,1,0,0.49
725,37,1,0,0.51
725,72,1,0,0.51
725,74,0,0,0.53
725,28,1,0,0.64
725,43,0,0,0.67
726,25,0,0,0.49
726,37,0,0,0.51
726,72,1,0,0.51
726,74,0,0,0.53
726,28,0,0,0.64
726,43,0,0,0.67
727,25,1,0,0.49
727,37,1,0,0.51
727,72,1,0,0.51
727,74,0,0,0.53
727,28,1,0,0.64
727,43,0,0,0.67
728,25,0,0,0.49
728,72,1,0,0.51
728,37,1,0,0.51
728,74,0,0,0.53
728,28,0,0,0.64
728,43,0,0,0.67
729,41,1,0,0.49
729,37,1,0,0.51
729,72,1,0,0.51
729,74,0,0,0.53
729,28,0,0,0.64
729,43,0,0,0.67
730,41,0,1,0.49
730,72,1,1,0.51
730,37,1,1,0.51
730,74,0,1,0.53
730,28,1,1,0.64
730,43,0,1,0.67
731,41,1,0,0.49
731,72,1,0,0.51
731,37,1,0,0.51
731,74,0,0,0.53
731,28,1,0,0.64
731,43,0,0,0.67
732,25,0,1,0.49
732,72,1,1,0.51
732,37,0,1,0.51
732,74,0,1,0.53
732,28,1,1,0.64
732,43,1,1,0.67
733,41,1,0,0.49
733,37,0,0,0.51
733,72,1,0,0.51
733,74,0,0,0.53
733,28,1,0,0.64
733,43,0,0,0.67
734,41,1,1,0.49
734,72,1,1,0.51
734,37,0,1,0.51
734,74,0,1,0.53
734,28,1,1,0.64
734,43,0,1,0.67
735,41,1,0,0.49
735,72,1,0,0.51
735,37,1,0,0.51
735,74,0,0,0.53
735,28,1,0,0.64
735,43,0,0,0.67
736,25,0,1,0.49
736,37,1,1,0.51
736,72,1,1,0.51
736,74,0,1,0.53
736,28,1,1,0.64
736,43,0,1,0.67
737,41,1,1,0.49
737,72,1,1,0.51
737,37,0,1,0.51
737,74,0,1,0.53
737,28,1,1,0.64
737,43,0,1,0.67
738,25,0,1,0.49
738,72,1,1,0.51
738,37,0,1,0.51
738,74,0,1,0.53
738,28,1,1,0.64
738,43,0,1,0.67
739,25,1,1,0.49
739,72,1,1,0.51
739,37,1,1,0.51
739,74,0,1,0.53
739,28,1,1,0.64
739,43,1,1,0.67
740,72,0,0,0.51
740,37,1,0,0.51
740,74,0,0,0.53
740,47,1,0,0.59
740,28,0,0,0.64
740,43,0,0,0.67
741,72,0,1,0.51
741,37,0,1,0.51
741,74,0,1,0.53
741,47,1,1,0.59
741,28,1,1,0.64
741,43,1,1,0.67
742,37,1,1,0.51
742,72,0,1,0.51
742,74,0,1,0.53
742,47,0,1,0.59
742,28,0,1,0.64
742,43,0,1,0.67
743,37,0,0,0.51
743,72,0,0,0.51
743,74,0,0,0.53
743,47,0,0,0.59
743,28,1,0,0.64
743,43,0,0,0.67
744,37,0,0,0.51
744,72,0,0,0.51
744,74,0,0,0.53
744,47,1,0,0.59
744,28,1,0,0.64
744,43,0,0,0.67
745,37,0,0,0.51
745,72,0,0,0.51
745,74,0,0,0.53
745,47,1,0,0.59
745,28,0,0,0.64
745,43,0,0,0.67
746,37,1,1,0.51
746,72,1,1,0.51
746,74,0,1,0.53
746,47,1,1,0.59
746,28,1,1,0.64
746,43,0,1,0.67
747,37,1,0,0.51
747,72,1,0,0.51
747,74,0,0,0.53
747,47,0,0,0.59
747,28,1,0,0.64
747,43,0,0,0.67
748,37,0,0,0.51
748,72,0,0,0.51
748,74,0,0,0.53
748,47,1,0,0.59
748,28,0,0,0.64
748,43,0,0,0.67
749,72,1,0,0.51
749,37,1,0,0.51
749,74,0,0,0.53
749,47,0,0,0.59
749,28,1,0,0.64
749,43,0,0,0.67
750,72,0,1,0.51
750,37,0,1,0.51
750,74,0,1,0.53
750,47,0,1,0.59
750,28,1,1,0.64
750,43,1,1,0.67
751,72,1,0,0.51
751,37,1,0,0.51
751,74,0,0,0.53
751,47,0,0,0.59
751,28,1,0,0.64
751,43,0,0,0.67
752,37,1,1,0.51
752,72,0,1,0.51
752,74,0,1,0.53
752,47,0,1,0.59
752,28,1,1,0.64
752,43,0,1,0.67
753,37,1,1,0.51
753,72,1,1,0.51
753,74,0,1,0.53
753,47,0,1,0.59
753,28,1,1,0.64
753,43,0,1,0.67
754,37,0,0,0.51
754,72,0,0,0.51
754,74,0,0,0.53
754,47,0,0,0.59
754,28,1,0,0.64
754,43,0,0,0.67
755,37,0,0,0.51
755,72,0,0,0.51
755,74,0,0,0.53
755,47,0,0,0.59
755,28,1,0,0.64
755,43,0,0,0.67
756,37,1,1,0.51
756,72,0,1,0.51
756,74,0,1,0.53
756,47,0,1,0.59
756,28,1,1,0.64
756,43,0,1,0.67
757,72,1,0,0.51
757,37,0,0,0.51
757,74,0,0,0.53
757,47,0,0,0.59
757,28,0,0,0.64
757,43,0,0,0.67
758,37,0,1,0.51
758,72,1,1,0.51
758,74,0,1,0.53
758,47,1,1,0.59
758,28,1,1,0.64
758,43,0,1,0.67
759,37,1,1,0.51
759,72,0,1,0.51
759,74,0,1,0.53
759,47,0,1,0.59
759,28,1,1,0.64
759,43,0,1,0.67
760,74,0,1,0.53
760,28,1,1,0.64
760,43,0,1,0.67
760,34,0,1,0.68
760,44,0,1,0.75
760,67,1,1,0.8
761,74,0,1,0.53
761,28,1,1,0.64
761,43,0,1,0.67
761,34,1,1,0.68
761,44,0,1,0.75
761,67,1,1,0.8
762,74,0,0,0.53
762,28,0,0,0.64
762,43,1,0,0.67
762,34,0,0,0.68
762,44,0,0,0.75
762,67,0,0,0.8
763,74,0,0,0.53
763,28,0,0,0.64
763,43,0,0,0.67
763,34,0,0,0.68
763,44,0,0,0.75
763,67,0,0,0.8
764,74,0,0,0.53
764,28,0,0,0.64
764,43,0,0,0.67
764,34,0,0,0.68
764,44,0,0,0.75
764,67,0,0,0.8
765,74,0,1,0.53
765,28,1,1,0.64
765,43,0,1,0.67
765,34,0,1,0.68
765,44,0,1,0.75
765,67,0,1,0.8
766,74,0,1,0.53
766,28,1,1,0.64
766,43,0,1,0.67
766,34,1,1,0.68
766,44,1,1,0.75
766,67,1,1,0.8
767,74,0,1,0.53
767,28,1,1,0.64
767,43,0,1,0.67
767,34,1,1,0.68
767,44,1,1,0.75
767,67,1,1,0.8
768,74,0,1,0.53
768,28,1,1,0.64
768,43,0,1,0.67
768,34,1,1,0.68
768,44,1,1,0.75
768,67,1,1,0.8
769,74,0,1,0.53
769,28,1,1,0.64
769,43,0,1,0.67
769,34,1,1,0.68
769,44,1,1,0.75
769,67,1,1,0.8
770,74,0,0,0.53
770,28,1,0,0.64
770,43,1,0,0.67
770,34,1,0,0.68
770,44,0,0,0.75
770,67,0,0,0.8
771,74,0,0,0.53
771,28,1,0,0.64
771,43,0,0,0.67
771,34,0,0,0.68
771,44,0,0,0.75
771,67,0,0,0.8
772,74,0,1,0.53
772,28,1,1,0.64
772,43,0,1,0.67
772,34,0,1,0.68
772,44,0,1,0.75
772,67,0,1,0.8
773,74,0,0,0.53
773,28,0,0,0.64
773,43,1,0,0.67
773,34,0,0,0.68
773,44,0,0,0.75
773,67,0,0,0.8
774,74,0,0,0.53
774,28,0,0,0.64
774,43,0,0,0.67
774,34,0,0,0.68
774,44,0,0,0.75
774,67,0,0,0.8
775,74,0,1,0.53
775,28,1,1,0.64
775,43,0,1,0.67
775,34,0,1,0.68
775,44,0,1,0.75
775,67,0,1,0.8
776,74,0,1,0.53
776,28,1,1,0.64
776,43,0,1,0.67
776,34,0,1,0.68
776,44,0,1,0.75
776,67,0,1,0.8
777,74,0,0,0.53
777,28,0,0,0.64
777,43,0,0,0.67
777,34,0,0,0.68
777,44,0,0,0.75
777,67,0,0,0.8
778,74,0,0,0.53
778,28,0,0,0.64
778,43,0,0,0.67
778,34,1,0,0.68
778,44,0,0,0.75
778,67,0,0,0.8
779,74,0,0,0.53
779,28,0,0,0.64
779,43,0,0,0.67
779,34,0,0,0.68
779,44,0,0,0.75
779,67,0,0,0.8
780,41,0,0,0.49
780,72,1,0,0.51
780,37,1,0,0.51
780,74,0,0,0.53
780,28,0,0,0.64
780,43,0,0,0.67
781,41,1,0,0.49
781,72,0,0,0.51
781,37,0,0,0.51
781,74,0,0,0.53
781,28,1,0,0.64
781,43,0,0,0.67
782,41,1,0,0.49
782,72,1,0,0.51
782,37,1,0,0.51
782,74,0,0,0.53
782,28,0,0,0.64
782,43,0,0,0.67
783,25,0,0,0.49
783,37,1,0,0.51
783,72,0,0,0.51
783,74,1,0,0.53
783,28,1,0,0.64
783,43,0,0,0.67
784,25,0,1,0.49
784,72,0,1,0.51
784,37,1,1,0.51
784,74,0,1,0.53
784,28,1,1,0.64
784,43,1,1,0.67
785,25,1,1,0.49
785,72,0,1,0.51
785,37,0,1,0.51
785,74,1,1,0.53
785,28,1,1,0.64
785,43,0,1,0.67
786,41,1,0,0.49
786,37,1,0,0.51
786,72,0,0,0.51
786,74,0,0,0.53
786,28,0,0,0.64
786,43,0,0,0.67
787,41,0,0,0.49
787,37,1,0,0.51
787,72,0,0,0.51
787,74,0,0,0.53
787,28,1,0,0.64
787,43,0,0,0.67
788,25,0,0,0.49
788,72,0,0,0.51
788,37,0,0,0.51
788,74,0,0,0.53
788,28,0,0,0.64
788,43,0,0,0.67
789,41,1,1,0.49
789,37,1,1,0.51
789,72,1,1,0.51
789,74,0,1,0.53
789,28,1,1,0.64
789,43,0,1,0.67
790,25,0,1,0.49
790,37,0,1,0.51
790,72,1,1,0.51
790,74,0,1,0.53
790,28,0,1,0.64
790,43,1,1,0.67
791,25,1,0,0.49
791,72,1,0,0.51
791,37,1,0,0.51
791,74,1,0,0.53
791,28,1,0,0.64
791,43,0,0,0.67
792,25,0,0,0.49
792,37,1,0,0.51
792,72,1,0,0.51
792,74,0,0,0.53
792,28,1,0,0.64
792,43,0,0,0.67
793,41,0,0,0.49
793,37,1,0,0.51
793,72,1,0,0.51
793,74,1,0,0.53
793,28,0,0,0.64
793,43,0,0,0.67
794,41,1,1,0.49
794,37,1,1,0.51
794,72,1,1,0.51
794,74,0,1,0.53
794,28,1,1,0.64
794,43,0,1,0.67
795,41,1,0,0.49
795,37,0,0,0.51
795,72,1,0,0.51
795,74,0,0,0.53
795,28,0,0,0.64
795,43,1,0,0.67
796,41,1,1,0.49
796,72,1,1,0.51
796,37,1,1,0.51
796,74,1,1,0.53
796,28,1,1,0.64
796,43,0,1,0.67
797,41,1,0,0.49
797,37,0,0,0.51
797,72,0,0,0.51
797,74,0,0,0.53
797,28,0,0,0.64
797,43,0,0,0.67
798,41,1,0,0.49
798,72,0,0,0.51
798,37,0,0,0.51
798,74,0,0,0.53
798,28,0,0,0.64
798,43,0,0,0.67
799,25,0,1,0.49
799,72,0,1,0.51
799,37,1,1,0.51
799,74,0,1,0.53
799,28,1,1,0.64
799,43,0,1,0.67
800,37,1,0,0.51
800,74,0,0,0.53
800,40,0,0,0.54
800,28,1,0,0.64
800,79,0,0,0.67
800,43,0,0,0.67
801,72,1,1,0.51
801,74,0,1,0.53
801,40,1,1,0.54
801,28,1,1,0.64
801,79,1,1,0.67
801,43,1,1,0.67
802,37,1,0,0.51
802,74,0,0,0.53
802,40,1,0,0.54
802,28,1,0,0.64
802,79,0,0,0.67
802,43,0,0,0.67
803,72,0,1,0.51
803,74,0,1,0.53
803,40,1,1,0.54
803,28,1,1,0.64
803,43,0,1,0.67
803,79,1,1,0.67
804,37,0,1,0.51
804,74,0,1,0.53
804,40,0,1,0.54
804,28,1,1,0.64
804,43,0,1,0.67
804,79,1,1,0.67
805,72,0,1,0.51
805,74,0,1,0.53
805,40,1,1,0.54
805,28,1,1,0.64
805,79,1,1,0.67
805,43,0,1,0.67
806,37,0,0,0.51
806,74,0,0,0.53
806,40,0,0,0.54
806,28,1,0,0.64
806,79,0,0,0.67
806,43,0,0,0.67
807,37,1,1,0.51
807,74,0,1,0.53
807,40,1,1,0.54
807,28,1,1,0.64
807,79,1,1,0.67
807,43,1,1,0.67
808,72,0,1,0.51
808,74,0,1,0.53
808,40,0,1,0.54
808,28,1,1,0.64
808,43,0,1,0.67
808,79,1,1,0.67
809,37,1,0,0.51
809,74,0,0,0.53
809,40,1,0,0.54
809,28,1,0,0.64
809,43,0,0,0.67
809,79,0,0,0.67
810,37,0,0,0.51
810,74,0,0,0.53
810,40,1,0,0.54
810,28,1,0,0.64
810,79,0,0,0.67
810,43,0,0,0.67
811,72,1,1,0.51
811,74,0,1,0.53
811,40,1,1,0.54
811,28,1,1,0.64
811,43,0,1,0.67
811,79,0,1,0.67
812,37,0,1,0.51
812,74,0,1,0.53
812,40,1,1,0.54
812,28,1,1,0.64
812,43,0,1,0.67
812,79,0,1,0.67
813,72,0,0,0.51
813,74,0,0,0.53
813,40,1,0,0.54
813,28,1,0,0.64
813,43,1,0,0.67
813,79,0,0,0.67
814,72,0,1,0.51
814,74,0,1,0.53
814,40,1,1,0.54
814,28,1,1,0.64
814,79,1,1,0.67
814,43,0,1,0.67
815,37,1,1,0.51
815,74,0,1,0.53
815,40,1,1,0.54
815,28,1,1,0.64
815,43,1,1,0.67
815,79,1,1,0.67
816,37,0,0,0.51
816,74,0,0,0.53
816,40,0,0,0.54
816,28,0,0,0.64
816,43,0,0,0.67
816,79,0,0,0.67
817,37,1,1,0.51
817,74,1,1,0.53
817,40,1,1,0.54
817,28,1,1,0.64
817,79,1,1,0.67
817,43,0,1,0.67
818,72,0,0,0.51
818,74,1,0,0.53
818,40,0,0,0.54
818,28,1,0,0.64
818,43,0,0,0.67
818,79,0,0,0.67
819,72,0,1,0.51
819,74,0,1,0.53
819,40,1,1,0.54
819,28,0,1,0.64
819,43,0,1,0.67
819,79,1,1,0.67
820,72,1,1,0.51
820,74,0,1,0.53
820,28,0,1,0.64
820,79,1,1,0.67
820,43,0,1,0.67
820,67,1,1,0.8
821,72,1,0,0.51
821,74,0,0,0.53
821,28,0,0,0.64
821,43,0,0,0.67
821,79,0,0,0.67
821,67,0,0,0.8
822,72,1,0,0.51
822,74,0,0,0.53
822,28,0,0,0.64
822,43,0,0,0.67
822,79,1,0,0.67
822,67,0,0,0.8
823,37,1,1,0.51
823,74,0,1,0.53
823,28,1,1,0.64
823,43,1,1,0.67
823,79,0,1,0.67
823,67,1,1,0.8
824,72,1,1,0.51
824,74,0,1,0.53
824,28,1,1,0.64
824,79,1,1,0.67
824,43,0,1,0.67
824,67,0,1,0.8
825,72,1,1,0.51
825,74,0,1,0.53
825,28,1,1,0.64
825,43,0,1,0.67
825,79,0,1,0.67
825,67,0,1,0.8
826,72,0,1,0.51
826,74,0,1,0.53
826,28,1,1,0.64
826,43,1,1,0.67
826,79,1,1,0.67
826,67,1,1,0.8
827,72,0,1,0.51
827,74,0,1,0.53
827,28,1,1,0.64
827,79,0,1,0.67
827,43,1,1,0.67
827,67,1,1,0.8
828,37,1,1,0.51
828,74,0,1,0.53
828,28,1,1,0.64
828,79,1,1,0.67
828,43,1,1,0.67
828,67,1,1,0.8
829,72,0,1,0.51
829,74,0,1,0.53
829,28,1,1,0.64
829,43,1,1,0.67
829,79,0,1,0.67
829,67,0,1,0.8
830,37,0,0,0.51
830,74,0,0,0.53
830,28,0,0,0.64
830,43,0,0,0.67
830,79,1,0,0.67
830,67,0,0,0.8
831,37,0,1,0.51
831,74,0,1,0.53
831,28,1,1,0.64
831,79,0,1,0.67
831,43,0,1,0.67
831,67,1,1,0.8
832,72,0,0,0.51
832,74,0,0,0.53
832,28,0,0,0.64
832,43,0,0,0.67
832,79,1,0,0.67
832,67,0,0,0.8
833,37,1,0,0.51
833,74,0,0,0.53
833,28,0,0,0.64
833,79,0,0,0.67
833,43,0,0,0.67
833,67,0,0,0.8
834,37,0,1,0.51
834,74,0,1,0.53
834,28,1,1,0.64
834,79,1,1,0.67
834,43,0,1,0.67
834,67,1,1,0.8
835,72,0,0,0.51
835,74,0,0,0.53
835,28,1,0,0.64
835,43,0,0,0.67
835,79,0,0,0.67
835,67,0,0,0.8
836,72,1,0,0.51
836,74,0,0,0.53
836,28,1,0,0.64
836,43,0,0,0.67
836,79,1,0,0.67
836,67,0,0,0.8
837,37,1,0,0.51
837,74,0,0,0.53
837,28,1,0,0.64
837,79,0,0,0.67
837,43,0,0,0.67
837,67,0,0,0.8
838,37,1,1,0.51
838,74,1,1,0.53
838,28,1,1,0.64
838,43,0,1,0.67
838,79,1,1,0.67
838,67,0,1,0.8
839,37,1,1,0.51
839,74,1,1,0.53
839,28,1,1,0.64
839,43,1,1,0.67
839,79,0,1,0.67
839,67,1,1,0.8
840,37,1,1,0.51
840,72,1,1,0.51
840,74,0,1,0.53
840,28,1,1,0.64
840,43,0,1,0.67
840,15,1,1,0.83
841,37,0,0,0.51
841,72,1,0,0.51
841,74,1,0,0.53
841,28,1,0,0.64
841,43,0,0,0.67
841,15,0,0,0.83
842,37,1,1,0.51
842,72,0,1,0.51
842,74,1,1,0.53
842,28,1,1,0.64
842,43,0,1,0.67
842,15,1,1,0.83
843,72,0,0,0.51
843,37,1,0,0.51
843,74,0,0,0.53
843,28,0,0,0.64
843,43,1,0,0.67
843,15,0,0,0.83
844,72,1,0,0.51
844,37,1,0,0.51
844,74,1,0,0.53
844,28,1,0,0.64
844,43,0,0,0.67
844,15,1,0,0.83
845,72,0,0,0.51
845,37,1,0,0.51
845,74,0,0,0.53
845,28,0,0,0.64
845,43,0,0,0.67
845,15,0,0,0.83
846,72,1,0,0.51
846,37,0,0,0.51
846,74,0,0,0.53
846,28,0,0,0.64
846,43,0,0,0.67
846,15,0,0,0.83
847,72,0,0,0.51
847,37,0,0,0.51
847,74,1,0,0.53
847,28,0,0,0.64
847,43,0,0,0.67
847,15,0,0,0.83
848,37,0,0,0.51
848,72,1,0,0.51
848,74,0,0,0.53
848,28,1,0,0.64
848,43,0,0,0.67
848,15,0,0,0.83
849,37,1,1,0.51
849,72,0,1,0.51
849,74,1,1,0.53
849,28,0,1,0.64
849,43,0,1,0.67
849,15,0,1,0.83
850,37,1,1,0.51
850,72,1,1,0.51
850,74,0,1,0.53
850,28,1,1,0.64
850,43,0,1,0.67
850,15,1,1,0.83
851,72,0,0,0.51
851,37,0,0,0.51
851,74,0,0,0.53
851,28,1,0,0.64
851,43,0,0,0.67
851,15,0,0,0.83
852,72,0,1,0.51
852,37,0,1,0.51
852,74,0,1,0.53
852,28,1,1,0.64
852,43,0,1,0.67
852,15,1,1,0.83
853,37,1,1,0.51
853,72,0,1,0.51
853,74,0,1,0.53
853,28,1,1,0.64
853,43,1,1,0.67
853,15,0,1,0.83
854,72,1,0,0.51
854,37,0,0,0.51
854,74,1,0,0.53
854,28,1,0,0.64
854,43,0,0,0.67
854,15,0,0,0.83
855,37,1,1,0.51
855,72,1,1,0.51
855,74,1,1,0.53
855,28,1,1,0.64
855,43,0,1,0.67
855,15,1,1,0.83
856,37,1,0,0.51
856,72,1,0,0.51
856,74,0,0,0.53
856,28,1,0,0.64
856,43,0,0,0.67
856,15,0,0,0.83
857,37,1,1,0.51
857,72,0,1,0.51
857,74,1,1,0.53
857,28,1,1,0.64
857,43,0,1,0.67
857,15,1,1,0.83
858,37,1,0,0.51
858,72,0,0,0.51
858,74,0,0,0.53
858,28,1,0,0.64
858,43,1,0,0.67
858,15,0,0,0.83
859,72,1,0,0.51
859,37,1,0,0.51
859,74,0,0,0.53
859,28,1,0,0.64
859,43,0,0,0.67
859,15,0,0,0.83
860,72,1,1,0.51
860,74,0,1,0.53
860,28,0,1,0.64
860,43,0,1,0.67
860,34,0,1,0.68
860,15,0,1,0.83
861,37,1,0,0.51
861,74,0,0,0.53
861,28,1,0,0.64
861,43,0,0,0.67
861,34,0,0,0.68
861,15,1,0,0.83
862,72,1,1,0.51
862,74,1,1,0.53
862,28,1,1,0.64
862,43,0,1,0.67
862,34,0,1,0.68
862,15,1,1,0.83
863,37,1,0,0.51
863,74,0,0,0.53
863,28,1,0,0.64
863,43,0,0,0.67
863,34,0,0,0.68
863,15,0,0,0.83
864,37,1,0,0.51
864,74,0,0,0.53
864,28,1,0,0.64
864,43,1,0,0.67
864,34,0,0,0.68
864,15,0,0,0.83
865,72,1,1,0.51
865,74,0,1,0.53
865,28,1,1,0.64
865,43,0,1,0.67
865,34,0,1,0.68
865,15,1,1,0.83
866,37,0,1,0.51
866,74,0,1,0.53
866,28,1,1,0.64
866,43,0,1,0.67
866,34,0,1,0.68
866,15,1,1,0.83
867,37,1,1,0.51
867,74,0,1,0.53
867,28,1,1,0.64
867,43,0,1,0.67
867,34,1,1,0.68
867,15,1,1,0.83
868,72,0,0,0.51
868,74,0,0,0.53
868,28,0,0,0.64
868,43,0,0,0.67
868,34,0,0,0.68
868,15,0,0,0.83
869,37,1,0,0.51
869,74,0,0,0.53
869,28,0,0,0.64
869,43,0,0,0.67
869,34,0,0,0.68
869,15,0,0,0.83
870,72,1,1,0.51
870,74,0,1,0.53
870,28,1,1,0.64
870,43,0,1,0.67
870,34,1,1,0.68
870,15,1,1,0.83
871,72,1,1,0.51
871,74,0,1,0.53
871,28,0,1,0.64
871,43,0,1,0.67
871,34,1,1,0.68
871,15,1,1,0.83
872,72,0,0,0.51
872,74,0,0,0.53
872,28,1,0,0.64
872,43,0,0,0.67
872,34,0,0,0.68
872,15,0,0,0.83
873,72,0,1,0.51
873,74,1,1,0.53
873,28,1,1,0.64
873,43,0,1,0.67
873,34,0,1,0.68
873,15,1,1,0.83
874,72,0,0,0.51
874,74,0,0,0.53
874,28,1,0,0.64
874,43,0,0,0.67
874,34,0,0,0.68
874,15,0,0,0.83
875,37,1,0,0.51
875,74,1,0,0.53
875,28,1,0,0.64
875,43,1,0,0.67
875,34,0,0,0.68
875,15,0,0,0.83
876,72,1,0,0.51
876,74,0,0,0.53
876,28,0,0,0.64
876,43,0,0,0.67
876,34,0,0,0.68
876,15,0,0,0.83
877,72,1,0,0.51
877,74,0,0,0.53
877,28,1,0,0.64
877,43,0,0,0.67
877,34,1,0,0.68
877,15,1,0,0.83
878,72,0,1,0.51
878,74,1,1,0.53
878,28,1,1,0.64
878,43,0,1,0.67
878,34,1,1,0.68
878,15,1,1,0.83
879,37,1,1,0.51
879,74,1,1,0.53
879,28,1,1,0.64
879,43,1,1,0.67
879,34,1,1,0.68
879,15,1,1,0.83
880,74,0,0,0.53
880,40,0,0,0.54
880,28,1,0,0.64
880,43,0,0,0.67
880,79,0,0,0.67
880,15,0,0,0.83
881,74,0,1,0.53
881,40,0,1,0.54
881,28,1,1,0.64
881,79,1,1,0.67
881,43,0,1,0.67
881,15,1,1,0.83
882,74,0,0,0.53
882,40,0,0,0.54
882,28,0,0,0.64
882,79,0,0,0.67
882,43,0,0,0.67
882,15,0,0,0.83
883,74,0,1,0.53
883,40,1,1,0.54
883,28,1,1,0.64
883,43,0,1,0.67
883,79,1,1,0.67
883,15,1,1,0.83
884,74,0,0,0.53
884,40,1,0,0.54
884,28,0,0,0.64
884,43,0,0,0.67
884,79,0,0,0.67
884,15,0,0,0.83
885,74,0,1,0.53
885,40,1,1,0.54
885,28,1,1,0.64
885,43,0,1,0.67
885,79,1,1,0.67
885,15,1,1,0.83
886,74,0,1,0.53
886,40,0,1,0.54
886,28,0,1,0.64
886,79,1,1,0.67
886,43,1,1,0.67
886,15,1,1,0.83
887,74,0,1,0.53
887,40,1,1,0.54
887,28,1,1,0.64
887,43,0,1,0.67
887,79,1,1,0.67
887,15,1,1,0.83
888,74,0,1,0.53
888,40,0,1,0.54
888,28,1,1,0.64
888,79,1,1,0.67
888,43,0,1,0.67
888,15,1,1,0.83
889,74,0,0,0.53
889,40,1,0,0.54
889,28,1,0,0.64
889,79,0,0,0.67
889,43,0,0,0.67
889,15,0,0,0.83
890,74,0,0,0.53
890,40,0,0,0.54
890,28,1,0,0.64
890,79,0,0,0.67
890,43,0,0,0.67
890,15,0,0,0.83
891,74,0,0,0.53
891,40,1,0,0.54
891,28,0,0,0.64
891,79,0,0,0.67
891,43,0,0,0.67
891,15,0,0,0.83
892,74,1,0,0.53
892,40,1,0,0.54
892,28,0,0,0.64
892,79,0,0,0.67
892,43,1,0,0.67
892,15,0,0,0.83
893,74,1,0,0.53
893,40,1,0,0.54
893,28,1,0,0.64
893,79,0,0,0.67
893,43,0,0,0.67
893,15,0,0,0.83
894,74,1,0,0.53
894,40,0,0,0.54
894,28,1,0,0.64
894,43,0,0,0.67
894,79,1,0,0.67
894,15,1,0,0.83
895,74,1,1,0.53
895,40,0,1,0.54
895,28,1,1,0.64
895,79,1,1,0.67
895,43,0,1,0.67
895,15,0,1,0.83
896,74,1,0,0.53
896,40,0,0,0.54
896,28,1,0,0.64
896,43,0,0,0.67
896,79,0,0,0.67
896,15,1,0,0.83
897,74,0,0,0.53
897,40,1,0,0.54
897,28,0,0,0.64
897,79,0,0,0.67
897,43,1,0,0.67
897,15,0,0,0.83
898,74,0,0,0.53
898,40,0,0,0.54
898,28,0,0,0.64
898,79,1,0,0.67
898,43,1,0,0.67
898,15,0,0,0.83
899,74,0,0,0.53
899,40,1,0,0.54
899,28,0,0,0.64
899,43,0,0,0.67
899,79,0,0,0.67
899,15,0,0,0.83
900,40,0,0,0.54
900,28,1,0,0.64
900,43,0,0,0.67
900,44,0,0,0.75
900,8,0,0,0.8
900,15,0,0,0.83
901,40,0,0,0.54
901,28,1,0,0.64
901,43,0,0,0.67
901,44,0,0,0.75
901,8,0,0,0.8
901,15,0,0,0.83
902,40,1,1,0.54
902,28,1,1,0.64
902,43,0,1,0.67
902,44,0,1,0.75
902,8,0,1,0.8
902,15,1,1,0.83
903,40,1,1,0.54
903,28,1,1,0.64
903,43,0,1,0.67
903,44,1,1,0.75
903,8,1,1,0.8
903,15,1,1,0.83
904,40,1,1,0.54
904,28,1,1,0.64
904,43,0,1,0.67
904,44,0,1,0.75
904,8,0,1,0.8
904,15,1,1,0.83
905,40,0,1,0.54
905,28,0,1,0.64
905,43,0,1,0.67
905,44,1,1,0.75
905,8,1,1,0.8
905,15,1,1,0.83
906,40,1,1,0.54
906,28,1,1,0.64
906,43,1,1,0.67
906,44,0,1,0.75
906,8,1,1,0.8
906,15,1,1,0.83
907,40,0,0,0.54
907,28,0,0,0.64
907,43,0,0,0.67
907,44,0,0,0.75
907,8,0,0,0.8
907,15,0,0,0.83
908,40,0,1,0.54
908,28,1,1,0.64
908,43,0,1,0.67
908,44,1,1,0.75
908,8,1,1,0.8
908,15,0,1,0.83
909,40,1,0,0.54
909,28,0,0,0.64
909,43,0,0,0.67
909,44,0,0,0.75
909,8,0,0,0.8
909,15,0,0,0.83
910,40,1,0,0.54
910,28,0,0,0.64
910,43,0,0,0.67
910,44,0,0,0.75
910,8,0,0,0.8
910,15,0,0,0.83
911,40,0,0,0.54
911,28,0,0,0.64
911,43,0,0,0.67
911,44,0,0,0.75
911,8,0,0,0.8
911,15,0,0,0.83
912,40,1,1,0.54
912,28,1,1,0.64
912,43,1,1,0.67
912,44,1,1,0.75
912,8,0,1,0.8
912,15,1,1,0.83
913,40,0,0,0.54
913,28,1,0,0.64
913,43,0,0,0.67
913,44,0,0,0.75
913,8,0,0,0.8
913,15,0,0,0.83
914,40,1,1,0.54
914,28,1,1,0.64
914,43,0,1,0.67
914,44,1,1,0.75
914,8,1,1,0.8
914,15,0,1,0.83
915,40,0,0,0.54
915,28,1,0,0.64
915,43,0,0,0.67
915,44,0,0,0.75
915,8,0,0,0.8
915,15,0,0,0.83
916,40,0,1,0.54
916,28,1,1,0.64
916,43,1,1,0.67
916,44,0,1,0.75
916,8,0,1,0.8
916,15,0,1,0.83
917,40,0,0,0.54
917,28,1,0,0.64
917,43,0,0,0.67
917,44,0,0,0.75
917,8,0,0,0.8
917,15,0,0,0.83
918,40,1,0,0.54
918,28,0,0,0.64
918,43,0,0,0.67
918,44,0,0,0.75
918,8,0,0,0.8
918,15,0,0,0.83
919,40,0,0,0.54
919,28,1,0,0.64
919,43,0,0,0.67
919,44,0,0,0.75
919,8,0,0,0.8
919,15,1,0,0.83
920,74,0,0,0.53
920,40,0,0,0.54
920,28,1,0,0.64
920,43,1,0,0.67
920,79,0,0,0.67
920,44,0,0,0.75
921,74,0,0,0.53
921,40,1,0,0.54
921,28,0,0,0.64
921,43,0,0,0.67
921,79,0,0,0.67
921,44,0,0,0.75
922,74,0,0,0.53
922,40,1,0,0.54
922,28,1,0,0.64
922,43,0,0,0.67
922,79,0,0,0.67
922,44,0,0,0.75
923,74,0,1,0.53
923,40,0,1,0.54
923,28,0,1,0.64
923,79,0,1,0.67
923,43,0,1,0.67
923,44,0,1,0.75
924,74,0,1,0.53
924,40,1,1,0.54
924,28,1,1,0.64
924,43,0,1,0.67
924,79,1,1,0.67
924,44,1,1,0.75
925,74,0,0,0.53
925,40,0,0,0.54
925,28,0,0,0.64
925,79,0,0,0.67
925,43,0,0,0.67
925,44,0,0,0.75
926,74,0,1,0.53
926,40,1,1,0.54
926,28,1,1,0.64
926,43,1,1,0.67
926,79,1,1,0.67
926,44,1,1,0.75
927,74,0,1,0.53
927,40,0,1,0.54
927,28,1,1,0.64
927,43,0,1,0.67
927,79,1,1,0.67
927,44,1,1,0.75
928,74,0,0,0.53
928,40,1,0,0.54
928,28,1,0,0.64
928,79,0,0,0.67
928,43,0,0,0.67
928,44,0,0,0.75
929,74,1,0,0.53
929,40,1,0,0.54
929,28,1,0,0.64
929,79,0,0,0.67
929,43,0,0,0.67
929,44,0,0,0.75
930,74,0,1,0.53
930,40,0,1,0.54
930,28,1,1,0.64
930,79,1,1,0.67
930,43,0,1,0.67
930,44,0,1,0.75
931,74,1,1,0.53
931,40,1,1,0.54
931,28,1,1,0.64
931,79,1,1,0.67
931,43,0,1,0.67
931,44,1,1,0.75
932,74,1,1,0.53
932,40,1,1,0.54
932,28,1,1,0.64
932,43,0,1,0.67
932,79,1,1,0.67
932,44,1,1,0.75
933,74,1,0,0.53
933,40,0,0,0.54
933,28,0,0,0.64
933,43,0,0,0.67
933,79,0,0,0.67
933,44,0,0,0.75
934,74,1,1,0.53
934,40,0,1,0.54
934,28,1,1,0.64
934,43,0,1,0.67
934,79,0,1,0.67
934,44,0,1,0.75
935,74,1,0,0.53
935,40,1,0,0.54
935,28,1,0,0.64
935,43,1,0,0.67
935,79,0,0,0.67
935,44,0,0,0.75
936,74,1,1,0.53
936,40,0,1,0.54
936,28,1,1,0.64
936,43,0,1,0.67
936,79,1,1,0.67
936,44,1,1,0.75
937,74,1,0,0.53
937,40,1,0,0.54
937,28,1,0,0.64
937,43,0,0,0.67
937,79,0,0,0.67
937,44,0,0,0.75
938,74,1,1,0.53
938,40,0,1,0.54
938,28,1,1,0.64
938,43,0,1,0.67
938,79,1,1,0.67
938,44,1,1,0.75
939,74,1,1,0.53
939,40,1,1,0.54
939,28,1,1,0.64
939,79,1,1,0.67
939,43,1,1,0.67
939,44,1,1,0.75
940,74,0,1,0.53
940,40,1,1,0.54
940,28,1,1,0.64
940,79,1,1,0.67
940,43,0,1,0.67
940,15,1,1,0.83
941,74,0,0,0.53
941,40,0,0,0.54
941,28,1,0,0.64
941,79,0,0,0.67
941,43,0,0,0.67
941,15,0,0,0.83
942,74,1,1,0.53
942,40,1,1,0.54
942,28,1,1,0.64
942,79,1,1,0.67
942,43,0,1,0.67
942,15,1,1,0.83
943,74,0,1,0.53
943,40,1,1,0.54
943,28,1,1,0.64
943,43,0,1,0.67
943,79,1,1,0.67
943,15,1,1,0.83
944,74,0,1,0.53
944,40,0,1,0.54
944,28,0,1,0.64
944,43,0,1,0.67
944,79,1,1,0.67
944,15,1,1,0.83
945,74,1,1,0.53
945,40,0,1,0.54
945,28,0,1,0.64
945,43,0,1,0.67
945,79,0,1,0.67
945,15,0,1,0.83
946,74,0,1,0.53
946,40,1,1,0.54
946,28,0,1,0.64
946,43,0,1,0.67
946,79,1,1,0.67
946,15,1,1,0.83
947,74,0,1,0.53
947,40,1,1,0.54
947,28,1,1,0.64
947,79,1,1,0.67
947,43,1,1,0.67
947,15,1,1,0.83
948,74,1,0,0.53
948,40,0,0,0.54
948,28,0,0,0.64
948,43,0,0,0.67
948,79,1,0,0.67
948,15,1,0,0.83
949,74,0,0,0.53
949,40,1,0,0.54
949,28,0,0,0.64
949,79,0,0,0.67
949,43,0,0,0.67
949,15,0,0,0.83
950,74,0,1,0.53
950,40,1,1,0.54
950,28,1,1,0.64
950,43,0,1,0.67
950,79,1,1,0.67
950,15,1,1,0.83
951,74,1,0,0.53
951,40,0,0,0.54
951,28,0,0,0.64
951,79,0,0,0.67
951,43,0,0,0.67
951,15,0,0,0.83
952,74,0,0,0.53
952,40,0,0,0.54
952,28,1,0,0.64
952,43,0,0,0.67
952,79,0,0,0.67
952,15,0,0,0.83
953,74,1,0,0.53
953,40,1,0,0.54
953,28,1,0,0.64
953,43,0,0,0.67
953,79,0,0,0.67
953,15,0,0,0.83
954,74,1,0,0.53
954,40,0,0,0.54
954,28,1,0,0.64
954,79,0,0,0.67
954,43,0,0,0.67
954,15,0,0,0.83
955,74,0,0,0.53
955,40,1,0,0.54
955,28,1,0,0.64
955,79,1,0,0.67
955,43,0,0,0.67
955,15,1,0,0.83
956,74,1,1,0.53
956,40,0,1,0.54
956,28,1,1,0.64
956,79,1,1,0.67
956,43,0,1,0.67
956,15,1,1,0.83
957,74,0,0,0.53
957,40,1,0,0.54
957,28,1,0,0.64
957,79,0,0,0.67
957,43,0,0,0.67
957,15,0,0,0.83
958,74,0,1,0.53
958,40,0,1,0.54
958,28,1,1,0.64
958,43,0,1,0.67
958,79,1,1,0.67
958,15,1,1,0.83
959,74,0,0,0.53
959,40,1,0,0.54
959,28,1,0,0.64
959,79,0,0,0.67
959,43,0,0,0.67
959,15,0,0,0.83
960,74,0,1,0.53
960,40,0,1,0.54
960,47,1,1,0.59
960,28,1,1,0.64
960,43,0,1,0.67
960,79,1,1,0.67
961,74,1,0,0.53
961,40,1,0,0.54
961,47,1,0,0.59
961,28,0,0,0.64
961,43,0,0,0.67
961,79,0,0,0.67
962,74,0,1,0.53
962,40,1,1,0.54
962,47,0,1,0.59
962,28,0,1,0.64
962,43,0,1,0.67
962,79,1,1,0.67
963,74,1,0,0.53
963,40,1,0,0.54
963,47,0,0,0.59
963,28,0,0,0.64
963,43,0,0,0.67
963,79,0,0,0.67
964,74,0,0,0.53
964,40,1,0,0.54
964,47,1,0,0.59
964,28,0,0,0.64
964,43,0,0,0.67
964,79,1,0,0.67
965,74,0,1,0.53
965,40,0,1,0.54
965,47,0,1,0.59
965,28,1,1,0.64
965,79,0,1,0.67
965,43,0,1,0.67
966,74,0,0,0.53
966,40,0,0,0.54
966,47,1,0,0.59
966,28,1,0,0.64
966,43,0,0,0.67
966,79,1,0,0.67
967,74,0,1,0.53
967,40,0,1,0.54
967,47,0,1,0.59
967,28,1,1,0.64
967,43,0,1,0.67
967,79,0,1,0.67
968,74,0,0,0.53
968,40,0,0,0.54
968,47,1,0,0.59
968,28,1,0,0.64
968,79,1,0,0.67
968,43,0,0,0.67
969,74,0,0,0.53
969,40,1,0,0.54
969,47,1,0,0.59
969,28,1,0,0.64
969,43,0,0,0.67
969,79,0,0,0.67
970,74,0,0,0.53
970,40,0,0,0.54
970,47,1,0,0.59
970,28,1,0,0.64
970,43,0,0,0.67
970,79,1,0,0.67
971,74,0,0,0.53
971,40,1,0,0.54
971,47,1,0,0.59
971,28,1,0,0.64
971,79,0,0,0.67
971,43,0,0,0.67
972,74,1,0,0.53
972,40,0,0,0.54
972,47,1,0,0.59
972,28,1,0,0.64
972,43,0,0,0.67
972,79,1,0,0.67
973,74,1,1,0.53
973,40,1,1,0.54
973,47,0,1,0.59
973,28,1,1,0.64
973,43,0,1,0.67
973,79,0,1,0.67
974,74,1,1,0.53
974,40,0,1,0.54
974,47,1,1,0.59
974,28,1,1,0.64
974,79,1,1,0.67
974,43,0,1,0.67
975,74,1,0,0.53
975,40,0,0,0.54
975,47,1,0,0.59
975,28,1,0,0.64
975,79,0,0,0.67
975,43,0,0,0.67
976,74,1,0,0.53
976,40,1,0,0.54
976,47,1,0,0.59
976,28,1,0,0.64
976,79,1,0,0.67
976,43,0,0,0.67
977,74,1,0,0.53
977,40,1,0,0.54
977,47,0,0,0.59
977,28,0,0,0.64
977,43,0,0,0.67
977,79,0,0,0.67
978,74,1,1,0.53
978,40,1,1,0.54
978,47,0,1,0.59
978,28,1,1,0.64
978,43,0,1,0.67
978,79,1,1,0.67
979,74,1,0,0.53
979,40,0,0,0.54
979,47,1,0,0.59
979,28,1,0,0.64
979,43,1,0,0.67
979,79,0,0,0.67
980,40,0,0,0.54
980,47,1,0,0.59
980,28,1,0,0.64
980,43,0,0,0.67
980,44,0,0,0.75
980,15,1,0,0.83
981,40,0,0,0.54
981,47,0,0,0.59
981,28,1,0,0.64
981,43,0,0,0.67
981,44,0,0,0.75
981,15,0,0,0.83
982,40,1,0,0.54
982,47,1,0,0.59
982,28,0,0,0.64
982,43,0,0,0.67
982,44,0,0,0.75
982,15,0,0,0.83
983,40,1,1,0.54
983,47,0,1,0.59
983,28,1,1,0.64
983,43,0,1,0.67
983,44,0,1,0.75
983,15,0,1,0.83
984,40,0,1,0.54
984,47,1,1,0.59
984,28,1,1,0.64
984,43,1,1,0.67
984,44,0,1,0.75
984,15,1,1,0.83
985,40,0,0,0.54
985,47,1,0,0.59
985,28,0,0,0.64
985,43,0,0,0.67
985,44,0,0,0.75
985,15,0,0,0.83
986,40,1,0,0.54
986,47,1,0,0.59
986,28,0,0,0.64
986,43,0,0,0.67
986,44,0,0,0.75
986,15,0,0,0.83
987,40,0,1,0.54
987,47,1,1,0.59
987,28,1,1,0.64
987,43,0,1,0.67
987,44,0,1,0.75
987,15,1,1,0.83
988,40,0,1,0.54
988,47,0,1,0.59
988,28,1,1,0.64
988,43,0,1,0.67
988,44,1,1,0.75
988,15,1,1,0.83
989,40,0,0,0.54
989,47,1,0,0.59
989,28,1,0,0.64
989,43,1,0,0.67
989,44,0,0,0.75
989,15,0,0,0.83
990,40,0,1,0.54
990,47,1,1,0.59
990,28,1,1,0.64
990,43,1,1,0.67
990,44,1,1,0.75
990,15,1,1,0.83
991,40,1,0,0.54
991,47,0,0,0.59
991,28,0,0,0.64
991,43,0,0,0.67
991,44,0,0,0.75
991,15,0,0,0.83
992,40,1,1,0.54
992,47,1,1,0.59
992,28,1,1,0.64
992,43,0,1,0.67
992,44,1,1,0.75
992,15,1,1,0.83
993,40,0,0,0.54
993,47,1,0,0.59
993,28,1,0,0.64
993,43,0,0,0.67
993,44,0,0,0.75
993,15,0,0,0.83
994,40,1,0,0.54
994,47,0,0,0.59
994,28,0,0,0.64
994,43,1,0,0.67
994,44,0,0,0.75
994,15,0,0,0.83
995,40,0,1,0.54
995,47,1,1,0.59
995,28,0,1,0.64
995,43,0,1,0.67
995,44,1,1,0.75
995,15,0,1,0.83
996,40,1,0,0.54
996,47,1,0,0.59
996,28,0,0,0.64
996,43,0,0,0.67
996,44,0,0,0.75
996,15,0,0,0.83
997,40,1,1,0.54
997,47,1,1,0.59
997,28,1,1,0.64
997,43,0,1,0.67
997,44,0,1,0.75
997,15,0,1,0.83
998,40,1,0,0.54
998,47,0,0,0.59
998,28,0,0,0.64
998,43,0,0,0.67
998,44,0,0,0.75
998,15,0,0,0.83
999,40,0,1,0.54
999,47,1,1,0.59
999,28,1,1,0.64
999,43,0,1,0.67
999,44,0,1,0.75
999,15,0,1,0.83
